TransactionID,Amount,Time,Country,OldBalanceOrig,NewBalanceOrig,OldBalanceDest,NewBalanceDest,TransactionType,Card_Age_Month,Merchant_Category,Fraud
1,1901.48,52329,Germany,1747.53,4597.66,4861.3,2806.01,TRANSFER,86,Electronics,1
2,1464.26,27632,India,570.48,4966.28,9207.4,3499.38,PAYMENT,71,Grocery,0
3,1197.72,65310,UK,756.23,224.56,400.59,7824.26,DEBIT,23,Grocery,0
4,312.88,55176,Canada,1126.58,3805.04,2914.61,9925.15,DEBIT,41,Entertainment,0
5,312.83,86066,Canada,1254.83,1858.62,2075.41,2406.71,CASH_OUT,104,Fuel,1
6,117.11,44327,Germany,4253.08,1962.29,2381.47,8743.07,TRANSFER,93,Grocery,0
7,1732.49,68904,Canada,2806.11,3771.32,9084.35,8306.23,CASH_OUT,80,Travel,0
8,1202.63,3797,India,2616.95,4592.13,4680.69,2246.57,CASH_OUT,102,Travel,0
9,1416.44,47882,India,573.84,4754.64,4662.99,3993.33,CASH_OUT,28,Fuel,0
10,42.15,13718,Germany,4300.7,2885.61,7605.76,4096.73,CASH_OUT,48,Travel,0
11,1939.85,34560,Germany,3614.07,1785.61,1544.92,9782.21,DEBIT,38,Entertainment,0
12,1665.05,76589,Germany,338.34,3937.75,4872.65,1808.92,DEBIT,31,Electronics,0
13,425.47,22116,UK,3539.18,1255.01,4299.85,7991.58,CASH_OUT,14,Clothing,0
14,364.47,36244,Canada,2717.69,2820.37,5969.11,3341.93,CASH_OUT,117,Grocery,0
15,367.63,1645,Germany,408.63,1792.89,9995.58,7308.7,TRANSFER,97,Clothing,0
16,609.18,47523,USA,2291.5,3283.16,7694.49,4200.11,CASH_OUT,73,Electronics,0
17,1049.99,19256,USA,2423.48,1201.99,3978.66,5783.6,DEBIT,91,Electronics,0
18,864.46,53173,India,828.87,957.96,8275.53,8326.12,PAYMENT,88,Entertainment,0
19,583.17,37430,Canada,4728.49,4591.2,1707.08,8041.66,DEBIT,77,Travel,0
20,1224.09,39282,Germany,4249.88,509.02,304.64,8664.23,TRANSFER,90,Travel,0
21,279.85,63374,USA,3345.11,2529.79,2044.48,596.17,DEBIT,29,Electronics,0
22,585.0,68244,Canada,2311.48,1104.26,3404.12,6920.51,PAYMENT,51,Entertainment,0
23,733.36,11694,India,2058.83,194.65,5105.81,1399.87,CASH_OUT,49,Entertainment,0
24,912.68,56264,UK,3254.87,180.09,6151.29,4158.19,PAYMENT,43,Fuel,0
25,1570.57,75060,Canada,2727.16,876.11,9106.06,5485.88,CASH_OUT,92,Others,0
26,400.15,57545,Canada,311.37,4333.85,5098.54,4027.39,CASH_OUT,92,Grocery,0
27,1028.95,39224,UK,2562.51,1412.39,5012.76,5196.12,DEBIT,72,Others,0
28,1185.24,13224,Canada,4032.02,4752.3,502.43,9965.26,DEBIT,87,Travel,0
29,93.85,40738,India,2296.2,2908.11,349.12,1352.17,DEBIT,93,Electronics,1
30,1215.48,25150,India,259.78,2183.07,5511.6,6754.56,TRANSFER,5,Fuel,0
31,341.88,63731,UK,3931.39,2900.44,4381.79,3960.01,DEBIT,42,Clothing,0
32,131.04,49688,Germany,1006.82,2583.49,8391.8,1330.1,TRANSFER,7,Travel,0
33,1897.82,73509,USA,1293.1,3793.88,1606.8,1587.37,DEBIT,42,Grocery,0
34,1931.3,8577,Germany,823.53,1412.48,249.72,9492.73,CASH_OUT,36,Entertainment,0
35,1616.99,8070,Canada,1651.08,1765.25,4490.39,8796.01,TRANSFER,105,Electronics,0
36,609.92,8666,USA,3783.76,4470.47,2374.79,9070.42,PAYMENT,27,Travel,0
37,196.25,57761,UK,2596.93,4732.28,496.14,9915.33,TRANSFER,58,Clothing,0
38,1368.78,36368,UK,1024.41,4462.79,7245.98,2083.15,TRANSFER,46,Grocery,0
39,880.86,6783,USA,4389.15,2097.24,1115.93,3554.39,PAYMENT,66,Grocery,1
40,244.95,41914,India,4397.91,3901.83,6083.2,6692.19,TRANSFER,25,Fuel,0
41,990.86,70507,USA,4352.89,2381.68,2810.5,4838.03,CASH_OUT,73,Travel,0
42,69.74,79026,Canada,1193.98,2487.7,1734.96,4183.9,DEBIT,117,Clothing,0
43,1818.73,67526,India,2256.2,1023.4,3797.52,3578.11,PAYMENT,27,Grocery,0
44,518.3,70835,UK,4924.95,2955.65,8014.46,5937.81,DEBIT,1,Electronics,0
45,1325.38,45765,USA,3860.06,930.68,3920.94,5755.93,CASH_OUT,87,Grocery,0
46,624.11,19956,Germany,135.84,1657.82,7507.7,1614.58,PAYMENT,74,Clothing,0
47,1040.62,46240,Germany,326.02,4275.15,1254.86,4717.4,DEBIT,42,Entertainment,0
48,1093.87,37148,Canada,2319.66,1035.38,7727.71,5534.72,DEBIT,52,Entertainment,0
49,370.52,4757,Germany,4546.1,355.79,2369.33,5702.87,CASH_OUT,25,Fuel,0
50,1939.2,19097,USA,2693.51,345.04,6773.93,2101.07,DEBIT,54,Travel,0
51,1550.49,10395,USA,2489.06,4703.92,5657.82,7422.71,CASH_OUT,67,Clothing,0
52,1879.06,16241,Germany,527.37,2534.6,9291.45,251.99,TRANSFER,6,Fuel,0
53,1789.76,27696,USA,3283.9,2047.06,3873.23,3548.32,CASH_OUT,58,Others,0
54,1196.2,70480,Canada,4110.52,4054.39,661.65,7802.13,TRANSFER,70,Grocery,0
55,1843.83,46163,India,1902.1,4179.13,191.55,5638.93,PAYMENT,53,Others,0
56,177.9,19816,Canada,3878.06,1660.96,8268.59,2611.62,DEBIT,66,Grocery,0
57,392.77,49840,Canada,4822.38,3468.09,5247.36,6949.53,CASH_OUT,58,Entertainment,1
58,91.41,52853,USA,1018.83,3855.61,7752.44,5673.91,CASH_OUT,82,Fuel,0
59,651.34,24917,India,2616.65,3273.25,2344.26,7962.44,DEBIT,87,Entertainment,0
60,777.97,21566,USA,1435.69,757.98,3450.84,7350.25,DEBIT,2,Electronics,1
61,543.43,75452,UK,3964.27,4379.42,301.04,6101.08,PAYMENT,76,Others,0
62,1657.65,62823,USA,2887.97,2695.47,9614.92,4881.78,PAYMENT,22,Others,0
63,714.15,20806,USA,3172.91,1412.36,6678.68,1331.82,CASH_OUT,37,Entertainment,1
64,562.59,75520,USA,3989.57,2126.14,9332.05,2613.33,PAYMENT,20,Electronics,0
65,1085.85,1759,India,1979.85,187.86,2654.96,4190.99,TRANSFER,103,Grocery,0
66,282.71,41949,USA,4575.45,639.33,6114.64,5992.99,PAYMENT,24,Fuel,0
67,1604.59,2482,India,2665.14,3827.73,6785.0,5137.08,PAYMENT,112,Electronics,0
68,150.03,24442,Germany,789.77,0.06,3175.5,2881.85,CASH_OUT,84,Fuel,0
69,1973.79,33719,UK,3479.5,2082.83,8481.09,64.64,TRANSFER,65,Others,0
70,1544.72,58066,India,3966.31,2612.55,9471.61,4962.39,PAYMENT,65,Fuel,0
71,398.23,2079,Germany,1583.81,273.17,8848.55,2856.26,TRANSFER,81,Others,1
72,12.04,2717,India,4285.9,4865.39,7390.67,7346.08,TRANSFER,1,Electronics,1
73,1631.11,59676,India,4530.72,1130.63,2774.65,239.46,TRANSFER,117,Others,1
74,1414.01,27952,UK,1384.52,1520.99,2816.16,5848.28,DEBIT,116,Travel,0
75,1458.29,42460,Canada,4917.61,1519.71,9633.6,9414.74,DEBIT,109,Others,1
76,1542.77,72847,Canada,703.56,1152.08,102.84,1744.09,DEBIT,94,Entertainment,0
77,149.02,18449,India,1010.08,7.37,7160.5,4716.49,DEBIT,105,Electronics,0
78,717.57,33536,USA,921.12,3646.72,7062.46,914.22,CASH_OUT,111,Grocery,1
79,232.62,64077,Germany,4469.95,4834.23,6226.9,6256.82,PAYMENT,3,Fuel,0
80,1726.34,38258,USA,3271.46,1121.47,9901.09,5505.32,DEBIT,46,Clothing,0
81,1246.97,48302,USA,760.52,3315.24,3118.79,4073.66,CASH_OUT,55,Electronics,0
82,662.47,28865,India,2201.62,3709.48,3399.72,5213.77,PAYMENT,75,Entertainment,0
83,128.05,6645,India,3076.49,4242.13,789.39,8965.75,DEBIT,88,Others,0
84,622.65,38000,India,417.32,2113.15,4427.98,1962.94,PAYMENT,86,Fuel,0
85,651.04,26737,India,4412.08,1514.65,2610.49,225.65,DEBIT,64,Travel,0
86,1459.48,11485,Canada,4018.02,1626.48,3433.87,8616.65,CASH_OUT,108,Grocery,0
87,1275.48,38565,India,2526.03,3563.11,8345.72,5771.17,TRANSFER,45,Travel,0
88,1774.54,25522,Canada,4835.63,4083.9,9354.85,8906.58,TRANSFER,26,Clothing,0
89,944.96,65155,Canada,2088.8,908.07,1857.33,5969.45,PAYMENT,77,Electronics,1
90,240.07,55168,India,4920.55,1854.71,3725.09,8101.61,CASH_OUT,65,Fuel,0
91,1426.78,52487,UK,3339.6,4509.7,9286.31,4296.73,TRANSFER,24,Electronics,0
92,1521.81,12342,Germany,3173.36,4033.47,618.08,7498.6,DEBIT,74,Entertainment,0
93,1122.99,40806,USA,829.77,4924.29,923.61,9130.41,TRANSFER,35,Electronics,1
94,1542.16,48770,Canada,4409.64,3771.24,1627.91,5721.23,PAYMENT,24,Grocery,0
95,988.1,78623,Germany,2137.45,1965.98,5952.13,1807.85,PAYMENT,28,Clothing,0
96,1045.94,75629,UK,811.17,2953.19,1504.72,2687.98,CASH_OUT,100,Travel,0
97,855.65,52603,USA,63.04,3305.07,9680.76,1986.45,PAYMENT,80,Clothing,0
98,51.81,81974,USA,2798.78,392.28,4467.15,2468.57,TRANSFER,104,Fuel,1
99,216.67,26399,Canada,2637.0,2722.48,5015.18,3064.15,TRANSFER,16,Electronics,0
100,63.83,85382,India,3596.77,3546.6,2466.59,5551.34,TRANSFER,59,Fuel,0
101,1273.18,81244,UK,4451.29,836.61,4709.6,5879.92,TRANSFER,81,Travel,0
102,629.4,76534,Canada,397.03,3903.16,6619.14,4265.0,CASH_OUT,115,Fuel,0
103,1017.63,55106,UK,3657.48,2918.86,7511.77,6154.21,DEBIT,54,Entertainment,0
104,1815.23,30678,India,937.06,4761.11,7538.68,815.75,DEBIT,79,Clothing,0
105,499.34,76218,India,4290.89,212.11,5778.91,877.88,CASH_OUT,16,Travel,0
106,821.36,63230,Canada,4095.32,1326.63,9043.6,1718.29,PAYMENT,15,Travel,0
107,1511.35,74055,India,2703.97,3007.77,8174.08,5180.77,DEBIT,98,Others,0
108,458.37,56373,Germany,3551.21,1482.8,7570.48,2139.95,PAYMENT,11,Travel,0
109,154.88,31480,USA,1571.75,3572.12,556.06,2832.84,DEBIT,65,Others,0
110,580.21,85230,Canada,2355.84,3795.03,68.78,4003.13,PAYMENT,79,Grocery,0
111,323.28,68836,UK,4108.18,512.58,2124.47,8118.66,CASH_OUT,90,Others,0
112,1859.47,72258,Germany,2296.33,2569.27,6635.24,138.62,TRANSFER,115,Clothing,0
113,1616.43,39986,Canada,1788.99,2544.45,4111.97,6493.79,PAYMENT,68,Fuel,1
114,1267.17,24160,India,2471.06,1846.4,4024.06,6688.77,TRANSFER,43,Others,0
115,1743.05,85595,India,4141.25,4664.62,8845.87,7986.56,PAYMENT,69,Travel,0
116,1607.54,79111,India,1676.04,4137.53,8955.63,9327.53,PAYMENT,99,Clothing,1
117,373.95,64929,India,868.81,3486.05,9091.75,201.38,PAYMENT,13,Others,0
118,1785.23,73506,UK,3560.07,3571.63,3138.78,1537.84,PAYMENT,10,Others,0
119,1079.15,34911,Germany,4129.89,2308.58,6910.56,8861.71,PAYMENT,75,Travel,0
120,1615.07,31821,USA,503.19,4604.97,2716.33,4585.19,TRANSFER,82,Entertainment,0
121,1792.29,75039,UK,1199.37,3472.98,1906.1,5645.91,PAYMENT,98,Entertainment,0
122,636.69,60535,UK,709.86,3644.91,1846.32,6630.27,TRANSFER,103,Others,0
123,220.99,84458,USA,1739.71,4308.45,3421.08,6790.67,CASH_OUT,41,Entertainment,0
124,456.64,12175,USA,2251.75,1370.36,4299.58,9317.4,DEBIT,106,Electronics,0
125,854.79,54771,India,3744.13,4035.35,8309.49,9969.49,PAYMENT,50,Travel,0
126,1636.21,66358,UK,3255.74,976.2,1198.91,7201.57,DEBIT,87,Electronics,0
127,1721.6,17327,Canada,3104.64,1726.71,7349.26,2872.21,TRANSFER,71,Clothing,0
128,14.9,47057,USA,1761.87,1678.05,5314.55,8797.52,CASH_OUT,59,Electronics,1
129,1021.98,6150,USA,4207.24,4892.63,2879.45,492.21,CASH_OUT,39,Clothing,0
130,835.4,4425,Germany,2356.44,4282.69,4928.2,2310.81,CASH_OUT,3,Others,0
131,444.99,16032,Canada,4895.52,3505.85,2999.42,8973.86,DEBIT,76,Clothing,0
132,240.61,2198,Canada,3170.71,3635.28,5960.82,2561.92,TRANSFER,7,Clothing,0
133,675.89,60500,USA,631.32,2810.36,4338.44,2206.51,PAYMENT,49,Fuel,0
134,1885.88,53394,India,3380.89,4735.45,1644.06,1381.25,PAYMENT,26,Electronics,0
135,647.08,20079,Germany,1625.52,2481.29,1165.83,8591.12,TRANSFER,33,Fuel,1
136,1038.06,36220,Canada,3431.64,1902.59,5466.96,5000.58,DEBIT,101,Others,0
137,1406.33,41874,USA,348.21,815.18,9024.13,6748.93,PAYMENT,48,Travel,0
138,727.9,13859,Canada,874.41,3931.03,3439.58,2390.66,TRANSFER,79,Electronics,0
139,1943.59,50460,Germany,4278.69,3672.22,7330.0,7580.4,PAYMENT,2,Travel,0
140,1924.93,31419,Germany,1135.9,1921.78,6586.61,7600.06,CASH_OUT,105,Travel,0
141,504.31,8705,UK,4185.21,125.97,9315.55,3125.98,PAYMENT,71,Clothing,1
142,995.0,42880,USA,1396.38,4194.99,8209.81,4106.83,DEBIT,32,Electronics,0
143,602.46,23236,Germany,3214.41,57.09,5666.05,2096.9,TRANSFER,4,Travel,0
144,570.4,85514,UK,3470.75,3518.5,6570.3,9765.61,DEBIT,20,Entertainment,0
145,74.74,15358,UK,2563.27,4851.29,8983.86,6456.03,TRANSFER,114,Travel,0
146,1219.52,76918,Canada,1526.55,2188.31,3995.19,9345.44,CASH_OUT,117,Entertainment,0
147,1005.86,14596,Canada,1063.22,1174.87,3267.95,3033.86,TRANSFER,36,Electronics,0
148,103.91,33572,UK,165.95,3524.36,108.11,7818.91,PAYMENT,32,Others,0
149,558.01,78757,Canada,1519.73,4085.64,8265.51,7658.59,PAYMENT,28,Fuel,0
150,1816.62,1279,Germany,3265.81,2732.15,8009.81,6916.56,CASH_OUT,77,Electronics,0
151,479.88,63197,India,4691.52,4835.18,1044.55,9656.39,TRANSFER,1,Fuel,0
152,290.64,62516,Germany,4356.02,258.34,5768.57,3935.55,CASH_OUT,60,Fuel,0
153,979.42,7083,UK,3830.32,2523.98,4639.82,1307.17,PAYMENT,56,Electronics,0
154,1971.32,17771,UK,3942.24,3592.27,1187.09,6717.09,DEBIT,35,Travel,1
155,484.87,29975,Germany,3324.92,4313.2,9805.68,7293.1,CASH_OUT,112,Grocery,1
156,1344.6,45648,Canada,1301.43,896.28,2146.96,5750.61,DEBIT,30,Travel,1
157,1523.48,48285,Canada,4535.98,4000.02,672.34,2068.18,DEBIT,54,Travel,0
158,476.04,19063,UK,3353.66,2763.54,5948.47,5044.56,TRANSFER,36,Others,1
159,1456.7,67642,USA,2802.2,1982.77,7388.67,3121.9,CASH_OUT,55,Clothing,0
160,736.2,86143,Canada,554.95,658.58,324.43,4274.67,DEBIT,89,Clothing,1
161,1264.98,37599,Germany,2235.28,4326.48,6587.18,6452.19,DEBIT,80,Travel,0
162,1267.43,51920,Canada,2301.79,786.37,5322.92,7452.15,TRANSFER,58,Entertainment,0
163,1072.01,28529,Germany,4322.82,1548.94,1032.65,2322.25,TRANSFER,83,Others,1
164,181.49,35954,UK,2733.24,1450.23,1725.24,4053.25,PAYMENT,65,Fuel,0
165,1670.77,27856,Canada,1902.0,4357.07,5679.74,2691.62,DEBIT,69,Clothing,0
166,642.24,2573,Germany,4884.0,3363.51,2963.58,1986.32,PAYMENT,51,Travel,0
167,373.85,78344,UK,553.6,3983.41,9383.16,7833.87,DEBIT,22,Others,0
168,82.51,35367,USA,2112.74,1252.34,8187.4,9092.53,PAYMENT,88,Grocery,0
169,1182.19,60774,Germany,210.12,3124.37,9835.67,3702.32,TRANSFER,107,Entertainment,1
170,1355.45,23752,USA,3699.52,2858.73,2596.71,7512.79,CASH_OUT,109,Electronics,0
171,34.16,55029,USA,4590.38,4164.15,9697.24,8969.95,TRANSFER,116,Travel,0
172,1024.67,17685,India,1400.19,4530.44,4312.34,8461.24,PAYMENT,101,Others,0
173,453.77,51693,Canada,4291.71,60.78,3475.19,1828.13,PAYMENT,53,Travel,0
174,1290.7,55961,Germany,1461.09,3370.1,503.5,9562.92,CASH_OUT,100,Fuel,0
175,349.56,76908,USA,4553.85,259.18,527.65,3766.76,DEBIT,36,Entertainment,0
176,1382.18,74532,India,3769.81,2744.29,6920.11,3392.41,PAYMENT,68,Clothing,0
177,774.08,81994,UK,4024.53,1438.16,4579.29,624.31,PAYMENT,36,Clothing,1
178,1873.52,56133,Germany,90.03,1533.88,2265.22,4861.74,PAYMENT,52,Clothing,0
179,275.9,61268,USA,4814.05,1764.79,6139.7,1090.14,CASH_OUT,53,Electronics,0
180,682.79,38243,Canada,3633.35,3106.46,2528.58,2485.4,TRANSFER,82,Others,0
181,227.83,57384,India,1523.76,1670.25,5776.32,3169.43,PAYMENT,50,Entertainment,0
182,1849.46,31653,USA,4146.97,3663.5,3592.09,8088.26,CASH_OUT,80,Entertainment,0
183,1754.8,26657,Canada,1407.61,2022.64,8235.52,8754.89,PAYMENT,41,Clothing,0
184,516.63,39952,USA,4363.77,341.77,8206.96,3024.66,DEBIT,18,Clothing,0
185,1320.31,22180,Germany,562.9,3918.8,4773.5,8586.98,CASH_OUT,22,Fuel,0
186,1634.63,78411,Germany,3518.43,1428.79,3508.19,8572.31,PAYMENT,66,Grocery,0
187,1110.85,1622,Germany,2703.49,2163.83,3625.6,7646.51,CASH_OUT,21,Grocery,0
188,1059.77,48756,India,482.67,3427.22,8057.15,1466.95,PAYMENT,100,Travel,0
189,484.46,40809,Germany,1209.47,1662.28,3281.79,6903.23,TRANSFER,44,Travel,0
190,187.11,16725,Canada,62.02,282.93,2090.59,9450.24,PAYMENT,103,Entertainment,0
191,1794.53,61396,USA,2343.84,1869.61,846.88,6825.4,CASH_OUT,47,Entertainment,0
192,1800.94,51226,UK,1506.33,4722.24,4666.93,3316.17,DEBIT,39,Electronics,1
193,1266.57,81182,Canada,2991.79,3208.67,4821.32,5005.79,DEBIT,29,Electronics,0
194,678.72,82565,Canada,1486.19,3357.4,8409.09,6457.25,DEBIT,54,Grocery,1
195,699.07,29402,Germany,1499.6,3161.41,2212.39,5105.7,PAYMENT,90,Travel,0
196,1452.19,4263,India,3715.97,994.96,3809.91,1199.53,TRANSFER,85,Grocery,1
197,1794.32,46828,USA,240.71,2091.67,8084.06,3120.64,PAYMENT,17,Grocery,1
198,1774.29,47924,India,4514.47,3754.7,8236.24,8023.96,DEBIT,80,Travel,0
199,1559.97,74182,USA,4261.32,506.86,3846.11,8614.18,CASH_OUT,60,Others,0
200,1284.42,59052,USA,3339.02,1389.26,4591.24,1373.0,DEBIT,31,Electronics,0
201,169.2,11664,India,2966.11,1381.6,3032.86,9523.87,CASH_OUT,115,Fuel,0
202,324.1,35737,Canada,4461.51,2160.09,9325.55,3288.23,TRANSFER,73,Fuel,0
203,1797.21,29373,USA,926.65,4901.84,1186.44,6623.14,CASH_OUT,95,Fuel,0
204,1213.25,36397,India,394.85,337.51,9337.49,7518.25,PAYMENT,78,Travel,0
205,19.38,86145,USA,1197.55,2593.5,6838.66,8119.46,PAYMENT,49,Clothing,0
206,203.84,38709,UK,3972.89,896.82,5315.72,9457.5,PAYMENT,101,Clothing,0
207,1327.34,61120,Canada,173.35,4853.38,326.59,3129.2,CASH_OUT,2,Clothing,0
208,11.12,19250,Germany,2914.03,566.52,4755.96,8585.06,PAYMENT,116,Entertainment,0
209,322.46,21172,USA,4977.19,2018.01,4077.48,1316.87,PAYMENT,48,Electronics,0
210,1097.92,11555,UK,4278.48,3689.42,1612.19,7050.41,PAYMENT,110,Electronics,0
211,1384.1,78617,Germany,2607.23,3522.77,6564.1,7419.78,TRANSFER,14,Others,0
212,1304.27,53276,Germany,318.2,2113.64,9711.51,6777.23,CASH_OUT,59,Others,0
213,449.31,57492,USA,4156.87,1732.62,5621.89,2523.15,CASH_OUT,97,Entertainment,0
214,1424.65,53002,India,2994.89,1988.06,7147.53,8730.43,DEBIT,99,Grocery,0
215,475.26,72355,USA,574.66,1321.38,684.5,1688.58,CASH_OUT,58,Others,0
216,651.47,24762,UK,469.29,1026.66,4176.67,536.35,TRANSFER,103,Fuel,0
217,1493.24,11046,Germany,4548.13,2415.2,1163.58,7174.65,CASH_OUT,58,Clothing,0
218,1299.62,28769,USA,3346.0,1342.67,6127.96,4754.76,TRANSFER,111,Fuel,0
219,1698.6,53302,India,4146.43,1437.31,9384.82,8490.98,TRANSFER,51,Clothing,0
220,1315.57,23150,USA,4394.89,3283.78,6617.78,3833.97,CASH_OUT,84,Fuel,0
221,1137.05,68247,Canada,2858.86,4842.69,768.03,1682.79,DEBIT,2,Grocery,0
222,188.26,4853,India,2587.23,3018.19,3546.66,8364.42,PAYMENT,115,Fuel,0
223,736.06,21792,UK,2152.14,384.9,5506.63,5489.1,PAYMENT,41,Fuel,0
224,531.14,59129,Germany,1584.73,377.92,4032.08,1891.96,CASH_OUT,83,Travel,0
225,488.74,74478,USA,2172.98,4757.12,8336.44,7203.84,CASH_OUT,101,Fuel,0
226,1946.05,67298,India,3869.4,1486.45,8146.71,5111.14,TRANSFER,82,Travel,0
227,786.8,31987,Canada,3009.62,460.33,6118.31,6043.13,CASH_OUT,16,Electronics,0
228,1784.2,15850,India,4462.62,2995.22,3734.58,4608.98,TRANSFER,4,Entertainment,0
229,1262.65,12112,Canada,2216.9,3118.24,2553.36,8287.09,DEBIT,12,Fuel,0
230,1589.83,24058,UK,3035.45,3242.52,1058.74,8295.63,CASH_OUT,29,Electronics,0
231,1005.77,45420,Germany,3156.54,1337.01,3548.98,7093.89,PAYMENT,7,Others,0
232,1154.23,38890,UK,2958.49,75.55,4131.73,1054.01,PAYMENT,14,Others,0
233,985.54,66017,USA,3513.17,4825.08,6758.23,8388.54,CASH_OUT,119,Travel,0
234,391.29,47304,India,1187.17,1254.47,6581.6,6710.13,TRANSFER,12,Fuel,0
235,1445.18,32921,Canada,2561.82,3380.13,701.08,6970.24,PAYMENT,99,Fuel,0
236,562.26,1524,Canada,521.12,3533.15,3952.59,3629.83,TRANSFER,5,Grocery,0
237,49.61,15048,India,1922.56,3050.04,1817.79,8792.8,CASH_OUT,81,Electronics,1
238,1291.3,35111,India,2438.34,1564.54,1568.13,7253.72,CASH_OUT,106,Clothing,0
239,355.04,37904,USA,3261.12,1355.48,8273.02,1125.9,PAYMENT,32,Clothing,1
240,1880.98,54912,UK,4752.66,2988.34,419.15,4077.78,CASH_OUT,74,Grocery,0
241,1907.9,34008,Canada,3003.26,4330.48,4191.83,8863.8,DEBIT,43,Travel,0
242,1829.81,60,USA,3717.97,4733.67,1682.04,471.97,DEBIT,81,Clothing,1
243,740.95,74666,UK,2531.33,529.53,8793.3,9614.17,PAYMENT,69,Clothing,0
244,31.9,83559,USA,3170.52,774.14,5570.41,6791.63,DEBIT,45,Others,0
245,1856.71,55337,Canada,354.66,4723.68,2313.81,6313.76,TRANSFER,106,Others,0
246,856.94,13350,India,1271.96,3682.68,5024.27,2705.59,PAYMENT,9,Entertainment,0
247,1933.34,24354,India,1809.27,4414.97,7314.86,2487.92,PAYMENT,49,Electronics,1
248,1927.28,45186,UK,2362.47,1013.16,9581.18,9420.58,TRANSFER,33,Travel,0
249,1706.17,28145,Germany,228.24,2937.93,2204.46,2982.72,DEBIT,100,Fuel,0
250,589.6,34020,UK,700.12,3505.7,8861.82,7755.05,DEBIT,100,Electronics,0
251,770.81,86123,Germany,1384.07,3400.56,9343.04,3931.22,DEBIT,18,Travel,0
252,1702.42,75186,USA,4857.66,2040.76,9164.21,1392.54,PAYMENT,9,Clothing,0
253,634.53,85469,USA,1656.74,76.97,6354.14,107.15,PAYMENT,62,Entertainment,0
254,339.82,20581,Canada,2410.21,2914.63,6298.21,5442.57,DEBIT,57,Electronics,0
255,1114.05,23051,Germany,980.49,1265.51,4032.11,9757.79,CASH_OUT,29,Clothing,0
256,1872.37,51474,Canada,3053.9,2251.27,7523.98,3691.36,DEBIT,114,Travel,0
257,1392.36,69626,India,1403.42,4787.91,5312.94,3571.92,TRANSFER,78,Electronics,0
258,1140.55,6960,Germany,1034.96,1995.18,6774.38,3440.92,PAYMENT,25,Fuel,0
259,195.26,35772,UK,2582.86,4199.01,4284.58,5205.44,TRANSFER,15,Electronics,0
260,1230.4,21520,India,27.53,942.7,7314.96,4406.65,TRANSFER,6,Clothing,1
261,1980.12,49481,India,38.32,3362.3,8244.72,8799.15,PAYMENT,120,Electronics,0
262,281.03,36408,UK,1095.34,4885.03,1464.36,5055.21,CASH_OUT,42,Fuel,0
263,1037.14,57134,India,183.61,509.47,8329.3,5077.58,DEBIT,29,Entertainment,0
264,1754.87,20491,Germany,540.13,41.6,5402.97,1383.72,TRANSFER,79,Entertainment,1
265,1481.8,1341,Canada,1694.3,2167.91,8446.66,9827.4,PAYMENT,93,Clothing,0
266,1394.33,44623,India,4012.93,463.13,4313.02,2499.73,TRANSFER,4,Travel,0
267,1405.27,338,Germany,2860.24,3741.92,3790.4,733.64,DEBIT,82,Clothing,0
268,719.62,71431,USA,2563.34,4572.74,9150.61,6631.46,CASH_OUT,114,Entertainment,0
269,587.89,12254,Germany,1467.44,2170.1,2511.69,5953.66,CASH_OUT,57,Grocery,0
270,1618.91,51860,Canada,4658.77,1293.56,8442.12,4151.46,CASH_OUT,49,Grocery,0
271,1620.42,11344,Germany,1985.08,2172.02,4840.21,4221.92,PAYMENT,44,Electronics,0
272,1734.28,1750,UK,435.46,3617.24,5140.95,7850.64,PAYMENT,103,Fuel,0
273,1826.57,54756,Canada,3085.33,45.27,3084.68,1957.13,CASH_OUT,80,Others,0
274,1023.17,67957,USA,569.19,2947.27,5730.42,8202.53,DEBIT,75,Others,0
275,1003.53,58053,UK,1726.12,3066.46,3252.11,6487.47,DEBIT,14,Others,0
276,1596.79,70855,Germany,2537.06,3188.44,392.69,4189.7,PAYMENT,3,Electronics,0
277,1300.28,15896,Canada,4371.11,1210.11,2719.99,4580.29,CASH_OUT,115,Grocery,1
278,1404.23,55761,USA,2467.73,3570.26,63.79,2566.47,DEBIT,114,Entertainment,0
279,1591.79,62552,UK,3511.29,456.96,9783.55,7521.14,DEBIT,62,Electronics,0
280,1780.12,77454,USA,4964.08,996.35,9657.47,5128.75,DEBIT,106,Others,0
281,676.65,27935,Germany,657.45,4387.35,3951.55,3208.55,PAYMENT,64,Others,0
282,751.79,37641,USA,1373.66,3693.62,7283.71,5960.5,CASH_OUT,102,Clothing,0
283,188.87,29711,India,1972.88,68.73,3458.06,9957.34,TRANSFER,45,Others,0
284,1156.98,70342,UK,2109.14,1241.88,6710.93,4352.62,CASH_OUT,106,Fuel,0
285,72.85,12182,USA,2055.11,1072.03,8054.3,9206.91,CASH_OUT,82,Others,0
286,931.73,56276,Germany,4538.06,1354.03,9467.56,3450.17,PAYMENT,58,Clothing,0
287,1085.75,19541,Germany,3570.16,1237.8,4002.12,547.33,DEBIT,20,Others,0
288,573.8,82310,USA,3039.53,312.63,7832.98,2042.42,DEBIT,58,Fuel,0
289,1182.08,44813,Germany,1546.86,2294.7,2659.28,4186.95,PAYMENT,112,Entertainment,0
290,61.97,37198,Canada,4118.95,3663.67,9903.32,2196.35,PAYMENT,89,Electronics,1
291,75.66,8820,Canada,4775.3,3033.66,257.7,2.27,PAYMENT,57,Fuel,0
292,1645.38,24070,Canada,4105.99,3364.36,6035.29,9150.02,PAYMENT,102,Clothing,0
293,721.02,69768,India,7.83,405.75,6595.06,8438.79,PAYMENT,77,Electronics,0
294,254.99,11122,USA,3182.01,4757.45,6880.46,7422.92,TRANSFER,68,Electronics,0
295,1044.96,80559,India,255.68,4192.46,1203.88,1678.15,CASH_OUT,119,Clothing,0
296,1540.22,73543,Germany,1288.04,4025.45,9385.3,1203.64,CASH_OUT,78,Grocery,0
297,432.43,83441,India,297.62,4114.92,1811.83,676.05,CASH_OUT,97,Others,0
298,1246.16,41786,Germany,3018.98,4663.55,6227.53,7240.29,DEBIT,92,Fuel,0
299,171.61,6737,Germany,3432.95,2721.27,2226.76,9288.08,TRANSFER,52,Clothing,1
300,104.31,36062,UK,572.44,1001.41,3072.16,4305.36,CASH_OUT,37,Entertainment,1
301,1063.18,54237,Canada,1919.19,3083.92,5464.59,1191.41,DEBIT,8,Travel,0
302,1081.73,51571,Germany,2281.18,3714.41,4171.93,5123.93,TRANSFER,44,Clothing,0
303,1275.22,25510,UK,1845.27,3689.59,1602.26,3488.32,TRANSFER,98,Others,0
304,1452.46,19426,Canada,605.13,2607.25,1709.36,3748.25,DEBIT,108,Others,0
305,1951.73,37265,Germany,2094.74,342.29,4181.45,6213.31,TRANSFER,5,Electronics,0
306,1033.08,17850,Germany,3755.89,1855.56,7572.83,7187.18,DEBIT,118,Electronics,0
307,646.59,66150,India,355.04,4603.83,8979.65,1106.04,CASH_OUT,69,Clothing,0
308,1590.58,74910,India,400.9,2922.24,841.28,355.9,DEBIT,31,Travel,1
309,542.39,52375,Canada,1773.86,2691.66,3931.04,9943.3,TRANSFER,45,Clothing,0
310,878.5,35435,Germany,4708.63,1344.27,1002.46,2327.28,CASH_OUT,9,Travel,0
311,157.83,57132,USA,3342.86,1842.24,165.92,538.31,CASH_OUT,106,Travel,0
312,51.68,78945,India,3393.35,4476.73,6617.19,1898.75,PAYMENT,32,Others,0
313,1925.33,82050,Canada,1809.6,3332.32,6024.49,389.58,PAYMENT,33,Others,0
314,1672.12,2983,Germany,2968.3,3936.94,1630.19,3918.11,TRANSFER,67,Others,0
315,1392.25,20662,Germany,50.66,2271.73,2338.13,8024.02,DEBIT,30,Entertainment,0
316,818.5,23510,USA,3180.48,3151.24,237.08,3412.44,DEBIT,114,Others,0
317,347.42,78187,Canada,4566.43,1241.92,8349.47,4441.83,TRANSFER,76,Fuel,0
318,313.72,40998,Germany,3062.87,3527.3,9746.91,6755.87,CASH_OUT,29,Electronics,1
319,501.24,56846,India,4368.49,2138.01,1354.6,5088.94,TRANSFER,3,Electronics,0
320,1098.9,6640,USA,3619.87,2212.73,2314.75,8614.46,TRANSFER,90,Travel,0
321,1429.48,44547,Canada,602.79,3246.61,8684.1,8660.36,CASH_OUT,57,Electronics,0
322,1320.73,54620,USA,4512.27,4681.4,9264.64,99.11,DEBIT,30,Grocery,1
323,560.59,15317,India,332.22,320.03,4196.27,7780.46,TRANSFER,9,Travel,1
324,1909.78,7564,Canada,2669.84,4123.72,506.22,4607.34,DEBIT,26,Electronics,0
325,1476.06,27345,USA,710.69,1461.92,393.92,9888.41,TRANSFER,2,Grocery,0
326,1109.15,79273,UK,58.53,2219.6,5739.5,4832.32,CASH_OUT,62,Entertainment,0
327,1223.83,74859,India,2110.17,109.57,3928.95,9868.96,CASH_OUT,3,Electronics,0
328,839.78,80765,India,1475.2,1505.23,286.52,7545.69,PAYMENT,46,Grocery,1
329,496.21,74038,India,2430.0,2513.16,5832.52,2486.05,CASH_OUT,68,Clothing,0
330,712.59,52393,UK,2886.0,280.88,113.03,5383.95,PAYMENT,25,Fuel,0
331,1515.93,66081,UK,218.7,2455.48,7873.72,9921.36,TRANSFER,51,Clothing,0
332,29.77,29430,Germany,615.02,4635.55,3064.33,8575.31,DEBIT,13,Grocery,0
333,233.03,75532,USA,2793.21,526.97,402.58,973.67,CASH_OUT,103,Travel,0
334,92.96,27788,Germany,1715.84,3822.2,5883.52,7063.72,CASH_OUT,44,Others,1
335,82.42,48543,USA,3645.87,2048.36,3976.84,3455.8,CASH_OUT,35,Others,0
336,1711.07,13919,UK,3261.46,3275.87,9738.0,69.82,TRANSFER,55,Others,0
337,1407.61,69346,UK,4228.02,1301.18,5441.99,4034.81,PAYMENT,87,Travel,0
338,948.87,39974,Germany,3462.46,797.46,2752.39,2347.54,TRANSFER,9,Electronics,0
339,196.57,16371,Canada,2149.66,802.31,7094.39,8188.69,DEBIT,2,Others,0
340,983.74,45084,Germany,3364.83,352.46,2714.92,3373.31,TRANSFER,61,Clothing,0
341,947.47,29629,USA,1376.91,928.23,9042.43,8275.24,DEBIT,118,Travel,0
342,347.23,51184,Germany,1531.57,3321.1,3747.22,5.98,CASH_OUT,41,Travel,0
343,868.27,61916,India,3944.93,4408.45,5498.69,3078.19,DEBIT,44,Others,0
344,797.61,73972,USA,2232.1,4070.63,505.73,2411.65,DEBIT,64,Clothing,0
345,1232.08,62187,USA,3991.9,3425.67,4261.21,2335.67,PAYMENT,31,Entertainment,1
346,1270.55,12984,Canada,4112.11,552.16,8323.64,681.87,DEBIT,108,Travel,0
347,91.56,33039,UK,4287.81,1445.94,8056.49,1871.24,DEBIT,47,Others,0
348,749.85,85431,USA,4583.18,1549.03,2243.19,5555.5,TRANSFER,2,Fuel,0
349,1252.09,83691,UK,2154.93,1249.78,2260.79,2913.61,CASH_OUT,96,Grocery,1
350,1006.77,58606,Germany,1594.33,2575.03,8173.05,4173.95,TRANSFER,82,Electronics,0
351,1713.12,10616,India,2910.99,2677.77,9303.98,3768.67,TRANSFER,77,Travel,0
352,1317.73,50072,Canada,1855.86,1784.43,953.61,8759.05,CASH_OUT,110,Fuel,0
353,326.71,24574,UK,3005.37,1768.95,4500.59,9052.99,CASH_OUT,69,Fuel,0
354,142.07,3430,USA,3527.93,4142.78,3374.54,4929.57,DEBIT,58,Travel,0
355,1285.2,12676,UK,3442.03,3946.46,8706.88,3301.56,DEBIT,106,Entertainment,0
356,54.0,10816,USA,1872.76,1538.98,835.25,1068.01,PAYMENT,44,Grocery,0
357,1171.97,32733,UK,834.3,4568.94,2111.26,9534.03,TRANSFER,74,Electronics,0
358,1880.52,85680,USA,2152.65,4764.08,7524.68,602.27,CASH_OUT,56,Travel,0
359,1151.37,2050,Germany,712.97,1633.71,512.94,2976.5,DEBIT,43,Electronics,0
360,776.95,33933,USA,4450.49,1772.12,4925.35,2980.66,CASH_OUT,89,Clothing,0
361,1286.93,24951,USA,1729.39,2528.17,4421.07,3204.01,DEBIT,34,Fuel,0
362,917.05,32413,India,772.3,4705.6,3344.01,1642.87,PAYMENT,101,Fuel,0
363,1091.69,34801,USA,127.24,4381.6,3945.72,7831.61,PAYMENT,30,Travel,0
364,1882.99,55619,India,3229.11,512.84,5299.41,1224.98,CASH_OUT,71,Travel,0
365,772.82,32913,Canada,3184.51,1963.65,1613.67,6349.07,PAYMENT,70,Clothing,0
366,1922.42,40600,India,1703.02,2766.86,5719.96,1238.46,CASH_OUT,118,Entertainment,0
367,1810.8,57775,Germany,358.56,2515.66,8054.32,705.36,DEBIT,55,Travel,0
368,392.39,35400,India,2048.14,969.32,7601.61,9094.3,TRANSFER,67,Fuel,0
369,139.65,4494,Canada,1556.09,4294.08,1539.0,1901.29,PAYMENT,13,Electronics,0
370,202.46,80688,Germany,3385.6,3384.7,1492.49,8212.5,DEBIT,3,Grocery,0
371,37.43,74691,UK,3028.9,4189.54,2681.74,5446.31,TRANSFER,26,Others,0
372,189.79,43001,UK,1822.97,4293.82,3610.75,778.57,TRANSFER,57,Electronics,0
373,1366.33,67364,India,1089.46,3741.78,4084.56,9554.48,TRANSFER,24,Entertainment,1
374,143.31,45028,India,4940.18,2196.05,6796.97,2469.61,DEBIT,53,Grocery,1
375,638.63,37573,Canada,2270.01,3052.73,566.8,8596.45,DEBIT,70,Electronics,0
376,1689.91,806,Canada,3441.37,801.83,346.73,1688.1,CASH_OUT,43,Electronics,1
377,47.52,56638,USA,702.76,3368.23,3919.11,8539.43,TRANSFER,60,Clothing,0
378,1629.12,29757,Canada,2427.95,896.27,6971.64,132.29,TRANSFER,58,Others,0
379,564.43,34636,USA,137.68,3469.75,1934.35,5117.8,TRANSFER,49,Entertainment,0
380,237.21,80097,Germany,2527.28,1147.99,6415.04,7694.43,CASH_OUT,42,Fuel,0
381,1393.78,48280,India,4820.09,587.76,2598.28,9347.96,TRANSFER,76,Clothing,1
382,1258.26,24262,Germany,1921.03,826.42,8860.86,9092.02,DEBIT,113,Grocery,0
383,1755.07,80435,Canada,194.98,9.96,8956.9,8196.25,TRANSFER,100,Others,0
384,1470.41,62211,Germany,154.78,3593.7,2972.87,8881.91,PAYMENT,66,Fuel,0
385,1607.16,54842,Germany,1939.93,3662.01,2299.94,1992.2,DEBIT,11,Clothing,0
386,564.79,56979,Germany,800.12,2574.67,4113.04,2841.84,CASH_OUT,103,Others,0
387,355.7,81470,Canada,116.76,806.81,2405.32,2889.69,TRANSFER,98,Entertainment,0
388,1501.48,38197,Germany,3781.07,417.77,6723.84,3770.54,PAYMENT,90,Travel,0
389,1613.86,41844,USA,2292.62,95.64,8260.65,3933.21,CASH_OUT,18,Travel,1
390,1981.02,64754,Canada,1446.22,828.74,6730.92,5445.55,CASH_OUT,85,Grocery,0
391,825.82,34157,Germany,4500.42,4454.28,8243.5,1598.8,DEBIT,100,Travel,0
392,744.66,77129,Canada,580.69,1207.68,3969.92,6912.47,CASH_OUT,104,Clothing,0
393,1553.05,40042,UK,4779.59,1771.36,1563.17,1675.67,CASH_OUT,52,Grocery,0
394,682.27,61665,USA,1569.83,526.73,7379.51,3103.08,CASH_OUT,46,Fuel,0
395,1861.58,82856,Germany,4442.02,1111.81,3604.75,5033.45,CASH_OUT,44,Entertainment,0
396,1716.97,27376,UK,3014.71,2596.12,6712.71,7964.41,TRANSFER,22,Grocery,0
397,858.56,55554,UK,4133.54,3038.76,2706.44,7394.69,TRANSFER,53,Fuel,1
398,1501.99,14199,Canada,4920.07,1226.76,812.3,6455.34,TRANSFER,59,Grocery,0
399,1509.33,81412,UK,1442.03,288.66,9925.82,1557.73,TRANSFER,94,Electronics,0
400,207.14,50948,USA,4805.68,1955.16,1562.02,5470.45,PAYMENT,114,Electronics,0
401,1805.2,73781,USA,1947.41,1171.02,9884.21,874.47,TRANSFER,107,Grocery,0
402,1011.0,72750,India,1927.56,1097.77,9772.8,3773.63,CASH_OUT,30,Others,0
403,1653.09,66262,USA,1701.94,4799.31,7938.18,4135.17,TRANSFER,8,Travel,0
404,640.78,46600,UK,2707.04,3081.5,6594.23,398.11,TRANSFER,98,Electronics,1
405,1791.15,76898,USA,770.73,2784.39,5778.07,2739.88,DEBIT,57,Others,0
406,779.01,62483,Canada,2768.56,2078.88,8661.02,9556.49,CASH_OUT,111,Others,1
407,22.66,18297,India,2708.52,2144.72,2894.4,9536.33,TRANSFER,73,Entertainment,0
408,1810.86,30448,UK,3809.51,2704.53,4676.81,3523.27,TRANSFER,115,Fuel,0
409,183.48,26172,India,4168.25,3482.15,6193.9,431.0,TRANSFER,20,Clothing,0
410,639.31,42874,UK,2202.21,3510.73,4111.9,1790.95,PAYMENT,104,Electronics,0
411,1900.17,7657,Canada,1511.67,858.47,4274.86,3922.18,TRANSFER,25,Grocery,0
412,1901.26,84386,India,1296.67,2500.56,3302.85,9477.8,DEBIT,19,Travel,0
413,1147.3,25425,Germany,973.12,2059.79,5642.32,1411.99,CASH_OUT,5,Clothing,0
414,1264.04,26685,UK,288.24,4352.63,8505.75,7635.16,CASH_OUT,75,Fuel,1
415,897.44,24578,Germany,1712.24,3157.09,2015.28,1086.83,TRANSFER,79,Others,0
416,587.13,28831,India,1351.24,2662.52,9344.33,9812.58,TRANSFER,72,Fuel,0
417,658.0,7906,Germany,4832.09,576.97,6890.88,3816.16,TRANSFER,83,Electronics,0
418,1345.36,61413,Germany,2788.54,3028.19,8232.73,7752.35,CASH_OUT,87,Fuel,0
419,1505.0,54028,India,1736.39,586.02,5561.91,3425.91,CASH_OUT,27,Fuel,1
420,1583.37,7287,Canada,2902.34,1686.03,7795.17,6276.69,PAYMENT,40,Travel,0
421,1579.45,33660,Germany,695.98,714.21,162.0,1920.16,DEBIT,96,Others,0
422,183.32,75758,Germany,2220.22,3460.37,8183.8,1460.21,PAYMENT,26,Travel,0
423,989.35,60504,Canada,3131.17,1031.26,401.39,9380.64,DEBIT,27,Travel,0
424,116.06,59720,Germany,2444.49,1959.3,8899.13,9176.47,PAYMENT,62,Grocery,0
425,1099.51,34701,Germany,2008.89,4478.37,9919.63,8874.69,CASH_OUT,83,Fuel,0
426,883.62,83300,Germany,4969.24,1021.58,2940.67,6254.33,PAYMENT,50,Fuel,0
427,1775.52,17674,USA,4401.57,2539.03,2103.19,8082.68,DEBIT,42,Fuel,0
428,702.48,83560,Canada,3117.03,2096.36,7653.63,690.37,TRANSFER,29,Entertainment,0
429,235.02,23874,Germany,2846.89,90.62,2530.26,3347.89,DEBIT,39,Travel,0
430,286.84,43642,Canada,3103.3,3963.79,8655.62,3137.03,TRANSFER,60,Clothing,0
431,1523.26,65160,UK,1006.56,345.23,1028.43,6356.45,CASH_OUT,41,Electronics,0
432,1236.82,17602,UK,1975.69,2371.28,1259.55,3559.58,DEBIT,33,Others,0
433,203.14,25931,Germany,197.3,2803.39,9791.52,1485.07,PAYMENT,83,Clothing,0
434,169.13,29192,Canada,2377.73,3142.13,6738.39,5964.67,DEBIT,101,Others,0
435,1402.24,46542,Canada,2715.12,3443.16,8468.87,8143.84,TRANSFER,83,Grocery,1
436,146.45,42520,Canada,1138.75,1266.36,3243.29,3821.23,CASH_OUT,97,Grocery,0
437,1643.9,64772,USA,4820.14,49.89,6764.84,1322.69,PAYMENT,111,Others,1
438,1412.78,58762,UK,4547.27,3617.22,5942.42,1966.88,DEBIT,16,Fuel,0
439,163.62,50106,Canada,3610.72,2678.28,6031.5,2374.83,TRANSFER,23,Clothing,0
440,170.59,81121,Canada,2666.93,4180.59,6825.32,2998.98,PAYMENT,7,Fuel,0
441,1973.29,25559,USA,4349.85,4106.94,5753.59,6427.95,CASH_OUT,26,Entertainment,0
442,749.17,33742,USA,653.26,4216.63,4290.62,6009.45,PAYMENT,96,Grocery,0
443,741.91,69669,Canada,3952.55,2425.47,2759.23,6960.8,CASH_OUT,12,Grocery,0
444,1625.79,80199,India,624.1,1668.14,7685.81,3625.02,PAYMENT,72,Clothing,0
445,1894.55,21754,Canada,3971.05,3957.79,2262.72,8239.98,DEBIT,5,Grocery,0
446,1972.02,3972,Canada,1378.84,2256.47,6923.54,2040.88,TRANSFER,106,Entertainment,1
447,1507.0,70831,USA,4385.45,917.21,2333.33,4690.41,DEBIT,92,Entertainment,0
448,753.14,41873,USA,4720.21,4274.87,6253.3,8009.39,DEBIT,117,Entertainment,0
449,167.92,9903,Canada,743.98,4412.8,7470.78,1801.59,CASH_OUT,69,Electronics,0
450,1554.52,3020,Canada,2313.38,2331.55,2187.14,1098.63,CASH_OUT,49,Entertainment,1
451,1117.25,41755,Canada,4904.94,378.5,599.43,8836.84,CASH_OUT,26,Entertainment,0
452,849.02,85956,USA,2417.04,1939.13,1309.74,3429.3,DEBIT,5,Electronics,0
453,1812.8,45648,Canada,4317.74,4017.69,6059.97,6838.7,PAYMENT,22,Fuel,0
454,223.28,9516,Canada,2943.66,4508.87,8494.46,253.49,PAYMENT,79,Travel,0
455,985.76,2396,Germany,1876.65,1017.36,449.97,6900.47,DEBIT,13,Grocery,0
456,23.7,84082,India,1428.92,334.87,7341.51,3161.01,DEBIT,28,Entertainment,0
457,937.85,19129,UK,1016.12,4386.75,3413.19,557.41,TRANSFER,33,Grocery,0
458,113.55,1591,India,3808.99,1947.02,4785.28,6098.13,CASH_OUT,107,Clothing,0
459,238.52,11303,Germany,1932.7,2708.8,9288.6,2408.04,CASH_OUT,23,Grocery,0
460,235.93,30561,UK,2556.38,4840.33,3319.72,3868.07,DEBIT,97,Others,0
461,1298.77,71719,Canada,2461.63,332.82,4653.37,805.81,DEBIT,107,Fuel,0
462,1492.34,86231,Germany,2886.4,3241.59,136.82,1471.63,PAYMENT,18,Electronics,0
463,1167.15,7314,Canada,4327.89,370.53,815.99,2979.77,DEBIT,114,Grocery,0
464,1924.38,19623,USA,4903.7,1877.34,2585.92,897.6,PAYMENT,117,Grocery,0
465,750.37,67675,Germany,2037.92,4019.07,278.52,9108.26,DEBIT,30,Grocery,0
466,572.14,65082,USA,4137.59,2167.36,6313.75,60.47,TRANSFER,26,Travel,0
467,1737.33,83624,Germany,3822.64,4985.91,4263.98,4838.6,TRANSFER,16,Travel,0
468,447.97,33130,Germany,2867.64,2795.3,5481.45,1232.47,PAYMENT,77,Clothing,1
469,1926.48,51756,USA,4780.24,1605.81,1746.47,3076.79,CASH_OUT,39,Electronics,1
470,25.3,26292,UK,1002.37,1100.56,2959.32,9260.6,TRANSFER,33,Grocery,0
471,1939.79,86206,India,546.32,1752.6,6638.24,1616.95,PAYMENT,26,Grocery,0
472,87.28,69274,Canada,4269.81,1862.67,9653.03,9658.32,DEBIT,48,Grocery,1
473,1782.4,2469,Germany,2195.75,343.57,504.17,2057.94,DEBIT,65,Grocery,0
474,1055.87,53947,Canada,4234.84,1847.87,8903.84,7415.66,PAYMENT,113,Travel,0
475,1985.94,22534,USA,4465.45,2321.19,5768.81,5466.77,CASH_OUT,38,Fuel,0
476,148.52,63620,Canada,312.29,3613.69,5639.2,8844.79,PAYMENT,2,Fuel,0
477,1108.15,48874,USA,4417.32,3283.65,5002.79,5539.93,PAYMENT,113,Clothing,0
478,1938.64,49708,Canada,2241.6,3543.83,693.94,5345.59,TRANSFER,6,Others,0
479,1046.67,74553,India,2552.16,41.82,898.77,1954.58,PAYMENT,46,Entertainment,0
480,1259.17,68344,India,3132.96,1088.34,6009.12,1662.29,PAYMENT,50,Electronics,1
481,1391.8,49138,India,4631.91,3308.42,3409.59,9164.89,DEBIT,38,Fuel,1
482,909.63,54302,India,95.58,2419.95,9172.68,3278.38,TRANSFER,106,Others,0
483,1255.49,47638,India,2384.22,26.57,4065.91,3720.82,DEBIT,88,Grocery,1
484,1169.04,78249,India,3438.61,4022.47,1432.81,7598.24,DEBIT,18,Fuel,0
485,1802.41,2719,USA,3613.53,3864.05,7147.19,3388.23,CASH_OUT,27,Clothing,1
486,91.85,22890,Germany,3462.66,2742.1,2933.53,9520.62,CASH_OUT,41,Entertainment,0
487,562.65,77236,Canada,672.18,332.32,5254.7,7379.28,TRANSFER,72,Fuel,0
488,1900.87,36509,India,1496.98,3832.58,6978.33,5974.29,TRANSFER,92,Clothing,0
489,1780.64,42534,USA,1793.58,2918.57,9002.64,8808.95,CASH_OUT,74,Travel,0
490,911.86,18787,USA,4022.19,3909.8,7921.91,496.06,CASH_OUT,17,Entertainment,1
491,1240.65,48845,USA,1393.8,3758.73,6763.61,2570.63,CASH_OUT,119,Clothing,0
492,555.48,57932,Germany,1053.52,4015.01,6796.33,4650.36,CASH_OUT,62,Others,0
493,377.05,33062,Canada,4787.24,2590.04,9459.25,2269.79,CASH_OUT,29,Fuel,1
494,927.93,75713,Germany,44.32,701.62,2958.24,7439.05,DEBIT,58,Travel,0
495,707.35,60461,UK,4989.1,3355.79,11.12,9192.08,TRANSFER,70,Others,0
496,1167.73,75418,USA,3384.11,3102.37,2719.55,4237.7,DEBIT,78,Clothing,0
497,156.39,66672,UK,4142.35,3711.27,2178.91,3421.33,DEBIT,22,Clothing,0
498,1948.82,34832,India,1473.1,849.41,6618.35,9615.51,PAYMENT,118,Others,1
499,1972.44,31966,India,71.58,974.88,6337.12,4448.52,DEBIT,6,Fuel,0
500,1396.63,72545,Germany,3689.35,4452.05,5934.61,4890.48,CASH_OUT,26,Entertainment,0
501,1072.66,12987,Canada,4170.72,3749.89,162.43,3516.5,CASH_OUT,39,Travel,0
502,619.75,37311,UK,3702.38,4541.14,7287.78,9095.48,PAYMENT,12,Grocery,0
503,1627.78,31575,Canada,714.25,3793.58,3235.3,5689.55,PAYMENT,99,Electronics,0
504,1369.78,63852,Germany,3767.14,2985.78,6650.56,7621.75,PAYMENT,14,Entertainment,1
505,326.07,1007,India,3844.61,3270.66,5565.78,8118.07,PAYMENT,22,Travel,1
506,1821.94,70981,Canada,3292.7,4445.64,3427.31,3418.49,PAYMENT,51,Others,0
507,1645.25,76242,Canada,3830.58,2894.03,1345.76,4336.94,DEBIT,23,Clothing,0
508,1899.65,47517,India,4229.61,3161.96,944.19,8484.72,PAYMENT,48,Others,0
509,1451.71,29257,UK,3068.02,782.38,8315.18,3632.55,DEBIT,71,Travel,0
510,1227.22,42207,India,443.02,2369.61,9183.98,7939.35,TRANSFER,104,Others,0
511,837.07,13281,Canada,2438.14,3581.99,6497.88,9409.92,PAYMENT,50,Others,0
512,1865.52,61246,UK,388.25,1354.71,1034.34,6232.1,PAYMENT,89,Electronics,0
513,1732.26,1435,UK,2037.72,1011.27,4020.27,7416.27,DEBIT,13,Fuel,0
514,91.39,26660,India,2035.53,1569.13,7289.39,8050.97,TRANSFER,85,Electronics,0
515,53.71,5084,Canada,330.05,1207.5,7798.21,8450.4,DEBIT,105,Grocery,0
516,753.55,82197,Germany,1744.1,1074.56,1182.19,3950.53,DEBIT,10,Grocery,0
517,1621.3,13507,Canada,554.99,2124.25,0.31,512.63,PAYMENT,117,Electronics,0
518,1974.56,72595,USA,4041.18,4539.19,7121.37,4018.76,CASH_OUT,55,Entertainment,0
519,301.68,83807,Germany,4738.44,2535.3,3565.96,6737.56,CASH_OUT,9,Entertainment,0
520,1188.67,45539,UK,361.58,939.6,2544.81,4503.5,DEBIT,79,Others,0
521,762.4,7491,Germany,4775.58,384.86,128.97,7489.63,PAYMENT,52,Others,0
522,1939.86,50192,UK,2612.88,3480.78,5402.99,3569.82,TRANSFER,2,Clothing,0
523,1684.4,80395,UK,1497.83,1913.99,8511.51,6347.44,CASH_OUT,25,Grocery,0
524,1676.82,63888,Germany,384.31,4109.15,9576.32,1864.2,TRANSFER,13,Clothing,0
525,937.92,73609,UK,2503.12,3297.55,5657.45,7493.69,CASH_OUT,98,Grocery,0
526,830.22,9077,UK,3972.58,3981.21,5144.61,5456.96,PAYMENT,51,Electronics,1
527,547.54,20953,USA,3535.43,1359.73,850.56,2040.64,DEBIT,58,Entertainment,0
528,113.69,76919,Canada,251.13,3461.79,5488.73,2919.11,TRANSFER,34,Others,0
529,1729.58,67889,Canada,364.51,1320.31,3799.79,7486.09,TRANSFER,35,Entertainment,0
530,1625.99,23821,USA,2014.37,4695.34,6071.35,4826.01,DEBIT,102,Electronics,0
531,1999.44,37567,Germany,1476.45,3181.87,3887.26,2160.31,TRANSFER,3,Clothing,0
532,1993.28,24860,India,1161.92,1622.56,2402.99,9672.71,CASH_OUT,106,Clothing,0
533,1111.31,21195,India,1405.02,1347.56,949.65,7151.25,DEBIT,120,Travel,0
534,1538.21,77475,India,4017.41,954.63,3149.18,9571.35,CASH_OUT,59,Others,0
535,1889.59,21427,USA,4646.14,3473.2,966.45,4271.05,CASH_OUT,70,Others,0
536,1699.45,27083,USA,2025.51,1093.58,1768.97,4751.0,PAYMENT,119,Others,0
537,495.45,57372,UK,4530.56,2976.52,9873.36,8979.55,CASH_OUT,48,Grocery,0
538,901.64,44064,India,1607.48,1323.18,4441.04,5250.49,PAYMENT,64,Clothing,0
539,259.19,7813,Germany,2382.18,3309.84,5318.72,7072.79,TRANSFER,113,Electronics,0
540,1908.15,31598,Germany,1130.14,4074.7,8736.19,2521.73,TRANSFER,19,Clothing,0
541,1212.74,27082,India,3202.38,3890.13,9955.69,4467.26,PAYMENT,67,Entertainment,0
542,458.06,29241,India,4894.91,3804.26,5827.14,1234.5,CASH_OUT,82,Grocery,0
543,1343.73,44569,India,3017.47,938.61,8124.74,2059.8,DEBIT,103,Others,0
544,1236.64,11745,USA,1789.07,441.92,3269.41,9.43,DEBIT,73,Fuel,0
545,716.97,26029,USA,3239.09,3494.74,3057.44,392.65,PAYMENT,116,Travel,0
546,228.0,13025,USA,614.6,1841.74,4027.04,9772.84,TRANSFER,76,Grocery,1
547,1343.47,14288,Canada,4443.3,2161.73,6725.07,2423.54,TRANSFER,5,Entertainment,0
548,1041.1,6540,Germany,2515.42,155.75,6821.92,6633.11,DEBIT,67,Others,1
549,1544.86,81958,Germany,2246.75,1297.88,3152.39,8391.0,PAYMENT,11,Entertainment,0
550,1040.81,68878,UK,2929.32,168.38,1332.1,5506.6,DEBIT,94,Entertainment,0
551,1704.51,41846,USA,3123.92,4395.93,6323.96,1531.45,CASH_OUT,68,Others,0
552,1104.26,75932,Canada,358.88,1216.98,1283.26,7281.16,CASH_OUT,69,Entertainment,0
553,1122.32,17482,Canada,3413.09,2786.69,5784.93,6002.51,PAYMENT,1,Electronics,0
554,1753.43,23411,Germany,1209.66,194.9,6934.22,7312.51,PAYMENT,91,Travel,0
555,807.56,50975,USA,3569.76,3334.24,7006.11,7697.47,CASH_OUT,92,Fuel,0
556,268.9,60545,UK,4112.67,1615.14,7534.72,9754.1,TRANSFER,63,Entertainment,0
557,58.54,78797,USA,4019.79,4489.6,8728.59,5735.63,PAYMENT,29,Entertainment,0
558,1510.52,52307,India,2762.5,4440.59,4999.59,3416.41,CASH_OUT,82,Clothing,0
559,1241.0,3093,USA,2600.85,1626.45,7302.49,6484.65,CASH_OUT,12,Travel,0
560,1408.46,77258,India,714.38,4504.8,6191.73,684.41,TRANSFER,77,Grocery,0
561,426.72,22042,India,3876.73,4980.79,1866.4,8973.97,TRANSFER,41,Travel,0
562,273.61,52930,UK,1357.05,4127.08,256.9,1193.81,TRANSFER,2,Travel,0
563,30.07,44413,Germany,2483.48,4224.36,2845.41,3278.43,TRANSFER,37,Others,0
564,701.82,33756,USA,1421.37,1245.04,4430.34,8157.45,DEBIT,45,Others,0
565,1180.25,53268,India,669.14,2883.51,6171.06,5973.12,TRANSFER,80,Others,0
566,785.1,39214,USA,3147.79,336.28,8499.59,3936.36,DEBIT,48,Fuel,0
567,875.51,81871,Germany,271.66,474.59,1962.46,4734.36,PAYMENT,24,Travel,0
568,1808.41,28602,Germany,3743.23,4994.46,1255.5,8545.47,CASH_OUT,99,Fuel,0
569,697.16,53331,Canada,1587.93,1633.2,9634.8,3400.04,DEBIT,22,Entertainment,0
570,1028.46,48901,Germany,0.67,3740.92,1080.45,8696.5,PAYMENT,100,Others,1
571,1567.52,63416,UK,2555.65,4033.33,4784.91,881.34,PAYMENT,11,Entertainment,0
572,793.69,32196,India,234.26,4290.12,5855.64,7767.98,DEBIT,119,Others,0
573,1244.55,5626,Canada,1380.85,4988.14,5413.74,8475.48,PAYMENT,58,Electronics,0
574,1724.87,7424,UK,3534.88,1207.48,860.32,1818.18,PAYMENT,46,Fuel,0
575,1899.09,12857,USA,313.45,201.75,570.27,4303.47,DEBIT,29,Fuel,0
576,295.0,19982,India,4196.69,2055.96,1054.83,1655.0,PAYMENT,35,Grocery,0
577,1853.25,76961,Germany,19.1,650.4,5855.88,7066.04,TRANSFER,112,Clothing,0
578,984.74,1980,India,1234.12,112.13,5443.45,5353.48,TRANSFER,118,Travel,0
579,517.23,48290,USA,3704.52,1802.13,2337.41,6353.23,CASH_OUT,15,Grocery,0
580,918.81,26431,Canada,1581.35,3918.69,6377.74,1964.87,PAYMENT,60,Fuel,1
581,1960.09,84976,Canada,509.46,2830.9,8200.68,2117.46,CASH_OUT,95,Grocery,0
582,985.74,82711,Canada,1801.17,1563.89,415.79,414.97,TRANSFER,42,Electronics,0
583,658.17,26385,Germany,1351.97,3271.71,4981.3,3220.68,TRANSFER,105,Clothing,0
584,1267.17,38158,UK,4213.56,1160.09,6893.1,5597.45,TRANSFER,43,Fuel,0
585,481.05,23019,UK,1566.74,71.91,2523.12,8579.35,PAYMENT,80,Fuel,0
586,152.65,18639,India,3944.66,3821.77,3077.71,6669.27,PAYMENT,74,Travel,0
587,258.63,85530,Germany,4459.36,3118.72,6136.38,4353.96,TRANSFER,49,Others,0
588,256.96,21563,Canada,2169.09,3811.51,8979.35,9531.2,CASH_OUT,64,Clothing,0
589,304.65,39341,Canada,4549.72,194.69,8099.24,7192.45,CASH_OUT,32,Electronics,0
590,278.52,5776,USA,1886.59,4185.6,5831.3,9301.65,DEBIT,64,Entertainment,0
591,1282.11,36444,USA,4820.39,3097.63,7302.22,5275.88,TRANSFER,115,Grocery,0
592,364.58,68916,Canada,446.45,2816.98,3648.22,2589.04,CASH_OUT,2,Travel,0
593,691.99,8711,Canada,3435.1,3123.07,6409.66,528.27,TRANSFER,24,Fuel,0
594,1793.68,74318,Germany,2469.07,4322.17,4661.82,7260.85,CASH_OUT,87,Entertainment,0
595,948.45,82970,UK,1938.24,2934.68,1899.36,1213.03,DEBIT,66,Electronics,1
596,1335.45,85553,USA,3163.56,2904.75,7017.38,3027.75,DEBIT,38,Clothing,0
597,345.47,30707,UK,3519.29,4953.4,5564.65,5324.71,TRANSFER,31,Grocery,0
598,385.39,39110,Germany,21.82,3783.65,3586.22,5644.17,CASH_OUT,115,Travel,0
599,82.7,61788,Canada,834.77,2211.47,9113.39,6005.83,PAYMENT,104,Fuel,0
600,338.7,82879,UK,3565.23,3536.99,209.34,1662.55,DEBIT,26,Fuel,0
601,557.9,38827,Canada,3331.93,1946.15,3157.73,3797.37,TRANSFER,29,Entertainment,1
602,354.84,5655,Canada,4830.24,1144.38,568.81,6171.94,TRANSFER,67,Entertainment,0
603,178.32,44859,India,3805.19,2984.26,7665.27,9698.19,CASH_OUT,78,Grocery,0
604,242.15,53625,UK,4753.86,4640.91,7021.07,7276.31,TRANSFER,25,Clothing,0
605,922.1,52098,UK,3512.7,4645.7,3313.52,9226.04,DEBIT,48,Electronics,1
606,413.46,15251,Canada,1490.26,1709.53,6756.63,7622.12,TRANSFER,65,Others,0
607,729.18,526,Germany,526.82,2638.39,3959.37,5917.17,TRANSFER,53,Clothing,0
608,1007.33,68760,India,3909.12,1058.18,7562.54,1920.23,PAYMENT,67,Clothing,0
609,1381.1,47837,Canada,3220.75,4978.16,4541.84,6666.86,PAYMENT,118,Clothing,0
610,79.58,11536,USA,240.93,4905.59,4122.8,6233.8,DEBIT,90,Others,0
611,1599.02,28541,USA,1800.25,3247.54,9347.3,6024.69,CASH_OUT,18,Grocery,0
612,1256.17,79083,India,4784.0,4022.07,2508.79,4897.86,PAYMENT,9,Others,0
613,164.44,51027,Germany,2502.01,3575.5,1204.47,5286.57,CASH_OUT,38,Grocery,0
614,1747.28,34531,Canada,2163.65,2965.79,5845.43,3344.43,DEBIT,87,Others,1
615,1841.82,8712,UK,2288.5,266.74,9693.22,5193.13,PAYMENT,21,Electronics,0
616,123.09,65455,India,1044.41,2273.82,3778.39,1975.56,CASH_OUT,65,Clothing,0
617,554.48,74744,Germany,1843.54,3373.93,620.37,8051.74,PAYMENT,21,Grocery,0
618,1612.6,5109,UK,1849.07,3387.66,3393.05,1857.77,DEBIT,27,Others,1
619,1496.77,49268,USA,261.78,1865.61,5059.32,849.66,DEBIT,106,Electronics,1
620,369.86,54615,USA,3837.84,4708.46,1619.23,4362.46,PAYMENT,70,Others,0
621,419.49,82503,UK,2082.52,836.79,6581.02,6583.07,CASH_OUT,119,Fuel,0
622,741.57,29759,India,4110.9,2501.8,9977.49,4377.17,TRANSFER,44,Electronics,0
623,969.56,85708,USA,4251.74,3454.42,4517.39,2767.54,TRANSFER,100,Clothing,0
624,1236.89,60112,Canada,1059.97,3485.68,3547.29,5581.71,PAYMENT,28,Travel,0
625,738.46,26589,UK,3286.77,3243.19,4007.04,3470.02,CASH_OUT,45,Clothing,1
626,925.61,30015,UK,2361.41,1376.44,1151.46,9328.68,TRANSFER,17,Travel,0
627,1495.19,29009,USA,4400.78,781.03,8832.74,9226.45,DEBIT,40,Electronics,0
628,74.33,83309,India,1078.7,3179.7,4148.26,5023.72,CASH_OUT,116,Fuel,0
629,505.62,62046,Canada,3389.07,2996.51,3872.74,3278.84,TRANSFER,3,Fuel,0
630,1426.99,26143,India,3038.76,896.78,6596.9,7371.32,CASH_OUT,76,Grocery,0
631,1790.52,6154,Germany,1476.51,3525.7,4420.33,367.13,PAYMENT,103,Fuel,0
632,1023.84,21804,Germany,683.0,2275.86,6482.33,4747.69,CASH_OUT,76,Entertainment,0
633,1064.69,41688,USA,3258.2,3338.8,614.46,3363.23,TRANSFER,66,Electronics,0
634,215.24,64288,USA,3692.99,4186.84,8137.23,9205.36,PAYMENT,120,Grocery,0
635,895.38,51195,USA,1578.14,848.64,9405.04,120.03,CASH_OUT,46,Fuel,0
636,1065.7,20581,Germany,3224.16,95.72,6487.65,5528.15,DEBIT,86,Electronics,0
637,485.7,52648,India,1975.65,3895.51,9545.66,7406.64,TRANSFER,87,Clothing,0
638,539.22,30087,India,3566.03,3048.49,1514.32,4850.18,PAYMENT,30,Fuel,0
639,755.19,49930,USA,996.08,3498.2,4774.16,854.03,CASH_OUT,69,Others,0
640,41.12,32981,Canada,4451.08,4190.77,6018.07,9724.61,DEBIT,9,Travel,0
641,644.84,69298,India,1437.05,4014.05,5817.37,5180.1,TRANSFER,85,Electronics,0
642,423.68,46167,Germany,1838.93,4804.6,4014.62,6141.86,DEBIT,11,Grocery,0
643,655.67,75304,UK,290.46,2679.68,3380.84,2366.1,CASH_OUT,69,Clothing,0
644,240.4,43408,UK,557.56,2442.48,1268.24,4834.98,CASH_OUT,99,Entertainment,0
645,1781.16,39499,UK,2579.31,2009.44,3917.42,4291.49,PAYMENT,91,Clothing,0
646,1187.59,52269,Canada,1337.96,768.46,1626.61,748.96,DEBIT,113,Fuel,0
647,1358.53,38559,USA,4177.4,2863.04,7343.66,1061.6,PAYMENT,66,Travel,0
648,1578.55,74319,Germany,73.47,1385.06,2088.31,8374.73,TRANSFER,88,Clothing,0
649,997.39,48787,Canada,1895.47,4606.54,585.65,2398.2,PAYMENT,31,Entertainment,0
650,174.75,35488,Germany,1686.73,2915.95,5523.66,1949.58,TRANSFER,33,Others,0
651,1074.68,74441,Germany,96.64,2964.2,5952.3,5049.11,CASH_OUT,39,Grocery,0
652,1174.1,74663,USA,621.84,1774.62,8719.13,7687.47,CASH_OUT,94,Electronics,0
653,1491.13,22431,UK,2068.21,259.95,5769.82,619.47,DEBIT,46,Travel,0
654,863.89,61681,USA,2464.32,158.72,3454.81,5768.08,TRANSFER,37,Entertainment,0
655,256.03,63483,Canada,2021.45,2116.68,8030.12,1192.1,CASH_OUT,115,Fuel,0
656,568.27,49153,Canada,2654.69,422.83,5402.79,364.61,DEBIT,92,Fuel,0
657,726.8,6368,Canada,2975.66,3034.23,792.8,527.44,DEBIT,60,Fuel,0
658,1292.19,27424,USA,49.62,4404.87,5658.51,8341.64,PAYMENT,31,Travel,0
659,1141.99,45004,Germany,2320.48,4414.57,9080.19,1179.72,DEBIT,11,Clothing,0
660,712.84,83869,Germany,4817.5,3295.23,3963.13,451.51,CASH_OUT,87,Travel,0
661,1973.04,56985,India,2595.16,1056.16,2963.26,4379.0,PAYMENT,2,Fuel,0
662,1211.94,50069,Canada,3387.71,4314.98,1434.69,8439.93,TRANSFER,104,Others,0
663,475.22,52326,Germany,1559.32,4430.47,1514.46,2624.08,TRANSFER,105,Entertainment,1
664,204.46,81061,India,3869.96,983.27,4327.71,4217.13,CASH_OUT,27,Electronics,0
665,306.57,23398,Germany,3864.61,3687.13,5956.8,399.23,CASH_OUT,99,Electronics,0
666,492.67,50861,Canada,2606.48,1432.6,806.15,4490.79,PAYMENT,2,Travel,0
667,322.2,75897,UK,4880.07,4013.2,9395.69,5776.13,PAYMENT,103,Fuel,0
668,373.95,81905,Canada,627.75,4986.19,7551.34,5709.07,CASH_OUT,101,Grocery,1
669,570.91,68577,USA,84.74,150.13,5866.24,3324.27,CASH_OUT,21,Others,0
670,347.57,65641,Germany,3850.79,4486.83,8284.39,3155.33,TRANSFER,58,Travel,0
671,1793.63,9078,Germany,4035.78,3113.15,801.87,1066.24,TRANSFER,5,Fuel,0
672,161.39,25003,USA,601.04,4866.91,4768.39,3667.98,TRANSFER,52,Clothing,0
673,1049.5,62768,USA,1327.91,2325.05,6300.93,994.95,CASH_OUT,45,Electronics,0
674,821.38,51047,UK,87.76,4236.94,8286.53,7665.96,DEBIT,85,Electronics,0
675,1964.77,71626,Germany,1466.54,311.97,7834.7,9662.74,CASH_OUT,93,Others,0
676,224.97,57660,Germany,3865.71,1676.4,2770.69,9700.74,CASH_OUT,20,Electronics,1
677,796.31,49786,UK,2589.8,335.08,9408.8,8650.71,TRANSFER,61,Grocery,0
678,1938.97,1925,India,1740.48,4876.72,1243.46,6007.92,CASH_OUT,38,Fuel,0
679,1731.15,83976,UK,1858.7,4084.87,8751.34,7008.66,PAYMENT,20,Fuel,0
680,1634.33,26015,Canada,6.77,4262.74,9709.4,2852.06,CASH_OUT,114,Others,0
681,516.55,33320,Germany,1499.0,4689.83,1771.54,6307.7,CASH_OUT,25,Fuel,0
682,342.6,64881,USA,3232.29,425.52,7220.66,4556.5,CASH_OUT,2,Others,0
683,1337.62,26289,Canada,4870.97,1927.99,402.86,4820.17,CASH_OUT,32,Fuel,0
684,1858.82,3389,Germany,4235.3,355.17,4054.23,7577.77,DEBIT,26,Grocery,0
685,1113.97,25683,UK,117.97,1053.97,5162.83,2819.18,CASH_OUT,70,Entertainment,0
686,1143.65,13629,Canada,4492.8,1146.83,5806.45,3180.4,PAYMENT,41,Travel,0
687,560.68,61550,Germany,3915.99,2345.54,9359.37,9246.42,PAYMENT,67,Travel,1
688,1539.22,24826,India,3901.88,1342.81,6722.51,562.24,CASH_OUT,97,Fuel,0
689,374.9,26630,India,2289.98,504.89,4812.78,4856.34,TRANSFER,1,Clothing,0
690,648.03,46163,USA,1990.03,837.46,8096.75,9128.01,DEBIT,51,Electronics,0
691,851.45,66435,Germany,1514.58,736.38,9505.33,6103.63,CASH_OUT,5,Grocery,0
692,1015.71,11653,India,328.47,4865.38,220.66,5464.07,CASH_OUT,13,Clothing,0
693,485.58,27961,UK,1141.18,3796.46,9825.21,2497.44,CASH_OUT,19,Clothing,0
694,230.56,81941,Germany,1233.02,4838.81,861.32,3432.75,TRANSFER,12,Fuel,1
695,1221.63,74137,UK,2420.39,2198.7,8143.87,8520.48,TRANSFER,48,Grocery,0
696,577.97,33662,UK,3737.22,1391.84,2803.35,5592.18,TRANSFER,25,Travel,0
697,1162.9,56446,India,2369.05,3991.47,1321.8,5147.42,DEBIT,57,Electronics,0
698,309.57,21288,Germany,289.22,1631.27,4398.56,995.8,PAYMENT,115,Travel,0
699,962.8,36877,Canada,4788.95,1496.92,6439.57,160.28,DEBIT,35,Clothing,0
700,1065.65,15313,India,4713.62,1162.53,3809.52,9636.85,TRANSFER,76,Electronics,0
701,104.6,80885,India,3925.95,648.39,545.65,3769.86,PAYMENT,94,Entertainment,0
702,673.87,72715,Germany,4956.64,1282.32,5994.61,6032.13,PAYMENT,5,Clothing,0
703,269.69,10326,Germany,2722.41,1776.6,9024.03,797.15,TRANSFER,98,Travel,0
704,127.69,1560,UK,4813.84,3369.97,3832.15,6831.14,TRANSFER,22,Travel,0
705,1979.93,79148,Germany,378.03,312.82,2163.33,9325.67,DEBIT,103,Fuel,0
706,645.39,83186,UK,1828.4,1052.53,4425.77,5756.65,TRANSFER,77,Travel,0
707,1619.94,26745,India,1126.91,4045.12,483.63,1261.15,PAYMENT,57,Grocery,0
708,510.03,31890,USA,979.17,734.61,8204.88,5817.22,CASH_OUT,47,Clothing,1
709,1363.32,20022,Canada,704.01,1713.23,8263.41,7663.47,TRANSFER,54,Others,0
710,1520.7,52579,India,3112.07,4323.29,5880.0,4064.17,TRANSFER,3,Others,0
711,1191.68,70316,Germany,3906.61,774.63,3531.03,8798.38,DEBIT,53,Electronics,0
712,943.68,83847,Canada,2891.49,413.68,7997.83,6486.83,DEBIT,84,Travel,0
713,824.27,28380,USA,734.81,2422.69,5546.87,8992.49,TRANSFER,31,Fuel,0
714,698.39,2356,USA,4055.62,1512.1,8259.32,6235.05,PAYMENT,69,Fuel,0
715,1859.13,70326,UK,3179.77,2817.04,6314.59,1312.88,PAYMENT,88,Travel,1
716,1661.41,20049,Canada,1940.83,4019.02,7844.05,3096.92,CASH_OUT,104,Grocery,1
717,1930.09,75717,UK,3370.65,685.74,5985.63,2017.95,TRANSFER,118,Fuel,0
718,249.47,16082,India,1299.52,2903.5,4141.41,9088.26,DEBIT,33,Others,0
719,1462.0,661,Canada,1725.96,2527.54,9579.46,7604.0,PAYMENT,72,Electronics,0
720,1876.74,37412,India,4587.43,720.39,5411.14,6763.98,CASH_OUT,88,Clothing,0
721,363.28,2920,UK,1452.52,3119.99,6050.9,3009.66,TRANSFER,50,Entertainment,0
722,133.93,60315,Canada,2349.94,1368.2,2204.88,1840.45,PAYMENT,84,Grocery,0
723,1482.5,79561,UK,4450.71,2439.17,6256.51,7564.51,TRANSFER,16,Fuel,0
724,1149.37,8946,Canada,3538.61,411.36,5716.08,4741.58,TRANSFER,114,Clothing,0
725,1683.82,45500,UK,311.02,2297.92,1848.38,2257.9,PAYMENT,116,Entertainment,0
726,280.4,16309,USA,736.52,1532.32,595.87,6166.22,PAYMENT,76,Travel,0
727,1590.74,55230,UK,39.21,4111.91,6043.59,403.34,PAYMENT,77,Travel,1
728,404.05,30027,USA,3154.61,284.89,7636.92,3261.7,TRANSFER,109,Electronics,0
729,328.15,72541,UK,2238.37,2093.04,5234.01,4685.57,TRANSFER,106,Entertainment,0
730,329.37,59321,Canada,671.37,2292.16,2267.73,1479.58,CASH_OUT,39,Travel,1
731,1629.33,956,Canada,4789.67,3625.03,6665.22,9846.54,DEBIT,89,Travel,0
732,1330.73,74131,Canada,2648.3,2871.44,801.06,2090.97,TRANSFER,46,Others,0
733,1046.61,47908,Germany,1209.47,3336.06,4418.34,1303.53,DEBIT,96,Fuel,0
734,718.3,78339,India,2503.02,3885.25,1633.67,2035.35,PAYMENT,88,Electronics,0
735,1754.52,25963,Canada,3398.1,4311.01,1844.59,7690.61,TRANSFER,112,Clothing,0
736,785.5,39443,USA,381.2,1569.38,2022.94,4255.06,CASH_OUT,47,Travel,0
737,1633.38,39063,Canada,1373.52,2690.11,3867.07,5654.16,CASH_OUT,44,Others,0
738,878.83,80818,Germany,4034.83,4200.54,511.5,210.09,DEBIT,9,Grocery,0
739,754.51,4703,USA,2298.32,4947.26,3977.93,344.31,PAYMENT,104,Grocery,0
740,925.9,65128,Germany,2732.89,4447.6,5117.07,4458.26,DEBIT,114,Clothing,0
741,603.45,72099,USA,2164.08,1857.34,4832.94,8166.55,PAYMENT,87,Entertainment,0
742,1495.47,25849,UK,219.5,975.83,3827.84,8852.39,CASH_OUT,50,Electronics,1
743,1005.94,31860,India,828.75,2446.96,8391.47,867.07,DEBIT,77,Others,0
744,465.19,31585,India,2227.71,3708.21,1453.27,5383.63,CASH_OUT,60,Fuel,0
745,1799.25,22015,Germany,1045.93,2462.85,5056.97,9132.3,CASH_OUT,96,Others,0
746,768.4,77539,India,249.9,2415.9,620.41,3879.73,PAYMENT,114,Grocery,0
747,1087.56,43585,Germany,4218.25,4191.15,711.56,8295.66,DEBIT,15,Grocery,0
748,1813.04,26958,Germany,4905.96,1807.02,5738.66,1336.96,DEBIT,36,Clothing,0
749,1248.85,26017,Germany,3965.71,4298.97,5660.18,9353.94,CASH_OUT,113,Entertainment,0
750,234.68,76707,India,4268.92,2034.02,8780.34,7514.23,CASH_OUT,63,Entertainment,0
751,1879.72,45350,Germany,1209.89,1641.17,5578.74,9413.34,PAYMENT,69,Clothing,0
752,1255.79,12201,India,4803.13,2269.95,9597.91,6766.17,TRANSFER,86,Others,0
753,670.48,29426,Germany,984.63,3812.23,486.95,3634.04,TRANSFER,80,Grocery,0
754,279.4,17778,Canada,4757.15,630.01,980.08,9381.81,CASH_OUT,41,Others,0
755,1588.26,45241,Germany,4974.1,982.1,440.66,2755.67,TRANSFER,74,Others,0
756,1240.53,42229,USA,3558.61,4757.22,1852.77,3321.73,TRANSFER,24,Electronics,0
757,1067.39,48364,Germany,4905.72,877.46,5412.7,7008.08,TRANSFER,82,Grocery,1
758,1787.89,84878,UK,2847.7,2838.64,6455.72,7653.16,TRANSFER,49,Entertainment,0
759,1577.41,57056,Germany,1297.71,2896.57,455.85,9294.03,CASH_OUT,18,Fuel,0
760,304.2,27490,USA,2184.98,2448.12,9459.71,2048.02,TRANSFER,7,Others,0
761,624.13,19975,USA,2967.8,3223.73,8421.65,7979.98,TRANSFER,4,Grocery,0
762,497.73,26723,India,365.41,1149.13,2966.12,7385.46,PAYMENT,90,Others,0
763,1488.15,23279,Canada,3111.72,2763.31,771.88,637.95,CASH_OUT,69,Electronics,1
764,68.03,78301,Germany,4905.89,1860.87,1698.87,3872.23,DEBIT,60,Travel,1
765,1140.21,11561,India,950.54,3308.34,1269.44,2827.65,DEBIT,55,Grocery,0
766,1525.15,66061,Canada,3962.98,706.12,1232.84,3044.9,PAYMENT,16,Clothing,0
767,1753.65,49153,Germany,4539.49,2854.39,5185.62,9829.47,PAYMENT,99,Travel,0
768,684.82,33142,UK,4718.51,926.35,2458.47,6427.77,CASH_OUT,90,Others,0
769,1642.69,26916,Germany,4800.68,1393.22,3581.4,7176.76,DEBIT,82,Clothing,0
770,222.15,64324,USA,2607.3,1093.55,9895.05,9766.18,TRANSFER,29,Clothing,0
771,1693.06,44965,USA,4886.54,914.19,6843.14,3772.02,PAYMENT,23,Clothing,0
772,255.85,4648,UK,3786.55,4128.55,9489.81,8018.4,DEBIT,117,Grocery,0
773,795.18,35133,India,808.36,1428.54,1425.57,4345.31,CASH_OUT,14,Entertainment,0
774,1594.79,50677,Canada,2384.5,4635.62,3821.39,8695.34,TRANSFER,79,Others,0
775,300.68,70135,Germany,3591.66,4849.63,5547.32,1806.58,CASH_OUT,49,Travel,0
776,459.27,35046,USA,1236.7,2856.3,767.58,9476.86,PAYMENT,33,Electronics,0
777,1444.78,47064,India,3203.08,715.01,41.87,2187.72,DEBIT,25,Entertainment,0
778,1440.35,69350,UK,3333.0,1872.74,6704.34,3262.21,DEBIT,21,Others,0
779,1282.65,45893,USA,813.5,3988.66,6418.2,7561.92,DEBIT,17,Grocery,0
780,1388.2,61272,UK,2825.43,1836.95,4107.89,3937.55,DEBIT,23,Clothing,0
781,1085.91,67649,Germany,3858.13,435.09,4896.44,6082.11,TRANSFER,57,Electronics,0
782,504.35,64674,Canada,2494.48,2783.92,4154.43,4445.74,TRANSFER,107,Others,0
783,692.05,13760,USA,60.52,4225.6,240.05,7423.7,CASH_OUT,81,Travel,0
784,364.01,21927,USA,45.19,3979.63,3353.72,2283.31,TRANSFER,58,Others,0
785,1816.99,61367,Germany,1785.15,875.62,1770.82,584.58,PAYMENT,14,Entertainment,0
786,1167.2,12588,India,4630.97,3363.82,984.24,2999.29,PAYMENT,93,Fuel,0
787,802.3,52233,Canada,1143.38,1102.52,9567.2,4743.09,DEBIT,20,Entertainment,0
788,924.55,44738,USA,3171.82,1091.04,5993.6,1680.2,PAYMENT,30,Others,0
789,1894.62,33397,Canada,1110.38,4370.36,7286.56,3547.97,CASH_OUT,19,Electronics,0
790,307.55,82189,USA,1608.35,1248.34,3153.64,3999.83,TRANSFER,53,Others,0
791,1172.87,76367,Canada,4240.21,1316.24,3931.47,573.92,TRANSFER,103,Others,0
792,1012.27,71260,UK,3644.31,3.27,2369.24,5833.07,TRANSFER,56,Grocery,1
793,1223.3,76619,USA,477.0,4353.35,969.66,8843.43,PAYMENT,77,Travel,0
794,37.2,19816,Canada,2143.51,3962.97,1790.32,1517.43,TRANSFER,82,Electronics,0
795,1744.38,42240,India,145.85,3136.64,7975.14,5978.08,DEBIT,23,Others,0
796,1864.3,6276,UK,2404.45,3751.33,6775.46,6647.39,DEBIT,62,Clothing,0
797,1130.7,79530,UK,3312.17,760.24,5469.29,4193.35,DEBIT,110,Travel,0
798,1393.6,23499,India,592.51,2291.62,4750.9,7010.98,PAYMENT,33,Entertainment,0
799,1845.08,82495,Canada,1444.42,1756.1,9224.34,4107.32,TRANSFER,103,Electronics,0
800,1414.77,71635,Germany,1989.18,468.88,727.35,5046.37,PAYMENT,104,Entertainment,1
