TransactionID,Time,Amount,OldBalanceOrig,NewBalanceOrig,OldBalanceDest,NewBalanceDest,TransactionType,Card_Age_Month,Merchant_Category,Country,Fraud
1,15795,383.51,353.31,0.0,3178.37,3561.88,Payment,64,Clothing,Germany,0
2,860,12.57,3236.01,3223.44,2710.11,2722.6800000000003,Payment,38,Clothing,Germany,0
3,76820,869.62,1201.04,331.41999999999996,3211.94,4081.56,Transfer,88,Grocery,India,0
4,54886,93.67,982.05,888.38,2304.23,2397.9,Payment,87,Clothing,UK,0
5,6265,601.31,533.92,0.0,1170.37,1771.6799999999998,Transfer,22,Entertainment,Germany,0
6,82386,986.39,606.21,0.0,689.21,1675.6,CashOut,2,Entertainment,India,0
7,37194,541.22,2964.89,2423.67,434.87,976.09,Payment,31,Entertainment,Germany,0
8,44131,924.8,3472.22,2547.42,1390.25,2315.05,Transfer,119,Electronics,India,0
9,60263,243.76,2047.16,1803.4,326.01,569.77,Transfer,11,Grocery,USA,0
10,16023,762.36,2451.5,1689.1399999999999,2879.14,3641.5,Payment,92,Clothing,India,0
11,41090,535.95,3461.24,3461.24,1490.76,1490.76,CashOut,46,Electronics,USA,1
12,67221,723.31,185.16,185.16,4140.22,4140.22,Transfer,96,Clothing,Germany,1
13,64820,71.72,1683.34,1611.62,463.78,535.5,Payment,62,Electronics,India,0
14,769,156.26,4868.18,4711.92,1209.12,1365.3799999999999,CashOut,69,Electronics,Germany,0
15,59735,141.79,2942.55,2800.76,3678.21,3820.0,Transfer,64,Entertainment,USA,0
16,62955,690.29,1345.7,1345.7,3034.16,3034.16,Transfer,102,Entertainment,India,1
17,64925,846.0,2656.48,1810.48,416.01,1262.01,CashOut,10,Electronics,Germany,0
18,67969,752.12,1779.0,1026.88,4398.47,5150.59,CashOut,40,Entertainment,USA,0
19,5311,40.17,2708.0,2667.83,4398.58,4438.75,Payment,110,Electronics,Germany,0
20,83104,868.54,716.13,0.0,1719.0,2587.54,Payment,24,Grocery,UK,0
21,53707,360.61,750.3,389.68999999999994,1767.99,2128.6,Transfer,99,Entertainment,USA,0
22,85305,403.19,803.36,803.36,4946.24,4946.24,CashOut,44,Entertainment,USA,1
23,28693,113.82,4705.12,4591.3,3168.26,3282.0800000000004,CashOut,112,Entertainment,USA,0
24,71932,740.03,3691.2,2951.17,2703.45,3443.4799999999996,CashOut,60,Grocery,India,0
25,25658,190.46,895.67,705.2099999999999,4206.95,4397.41,Transfer,62,Electronics,India,0
26,84478,568.33,1022.91,454.5799999999999,1497.92,2066.25,CashOut,87,Clothing,India,0
27,18431,842.3,3681.06,3681.06,2202.99,2202.99,CashOut,17,Entertainment,UK,1
28,2747,98.31,865.2,766.8900000000001,1412.11,1510.4199999999998,Transfer,65,Electronics,UK,0
29,59150,539.98,1249.35,1249.35,3966.89,3966.89,Payment,119,Grocery,USA,1
30,65725,240.88,4820.4,4579.5199999999995,2909.41,3150.29,Payment,95,Clothing,UK,0
31,84654,349.5,1351.0,1001.5,3328.24,3677.74,Transfer,95,Entertainment,Germany,0
32,35773,479.23,3342.0,3342.0,1336.31,1336.31,CashOut,106,Grocery,USA,1
33,67435,361.55,4895.29,4533.74,1179.1,1540.6499999999999,Transfer,57,Grocery,USA,0
34,56886,652.33,1934.05,1934.05,2493.04,2493.04,Payment,55,Clothing,Germany,1
35,66803,484.79,185.83,0.0,3714.07,4198.860000000001,Payment,106,Electronics,USA,0
36,31551,588.36,1296.32,1296.32,2673.67,2673.67,Transfer,53,Entertainment,UK,1
37,11394,739.45,4171.3,3431.8500000000004,259.96,999.4100000000001,Transfer,56,Entertainment,India,0
38,69092,562.16,4336.58,3774.42,4355.9,4918.0599999999995,Payment,98,Electronics,Germany,0
39,3890,590.67,3865.74,3865.74,416.97,416.97,Transfer,9,Electronics,UK,1
40,41606,568.81,654.24,654.24,4783.54,4783.54,Payment,22,Electronics,Germany,1
41,80038,384.98,3998.0,3998.0,223.2,223.2,Transfer,13,Clothing,Germany,1
42,10627,344.07,4601.52,4601.52,3502.81,3502.81,Transfer,89,Clothing,USA,1
43,8792,900.65,3042.99,3042.99,502.81,502.81,Transfer,48,Entertainment,USA,1
44,73969,611.48,4710.29,4098.8099999999995,4562.32,5173.799999999999,Payment,18,Clothing,UK,0
45,43001,251.91,4151.51,3899.6000000000004,2375.72,2627.6299999999997,Transfer,115,Grocery,Germany,0
46,76552,503.27,3368.16,2864.89,773.87,1277.1399999999999,Payment,76,Entertainment,USA,0
47,23897,337.04,2928.21,2591.17,1770.0,2107.04,Payment,40,Clothing,USA,0
48,68148,934.35,1808.01,873.66,907.64,1841.99,Transfer,17,Electronics,Germany,0
49,23483,17.46,880.51,863.05,935.85,953.3100000000001,Transfer,15,Grocery,UK,0
50,48555,233.08,3064.27,2831.19,4745.73,4978.8099999999995,Payment,106,Electronics,UK,0
51,17159,371.7,1658.75,1287.05,2281.71,2653.41,Payment,15,Entertainment,Germany,0
52,80077,492.93,4345.55,3852.6200000000003,3965.13,4458.06,CashOut,79,Electronics,UK,0
53,35920,852.31,4967.35,4115.040000000001,3234.07,4086.38,Payment,63,Clothing,USA,0
54,67121,97.01,3786.9,3689.89,3414.49,3511.5,CashOut,119,Clothing,Germany,0
55,69479,807.81,543.36,543.36,745.3,745.3,CashOut,39,Entertainment,USA,1
56,19457,65.1,1514.56,1514.56,1247.5,1247.5,CashOut,13,Electronics,India,1
57,66557,843.89,634.64,0.0,3955.08,4798.97,Transfer,81,Entertainment,India,0
58,77189,61.12,3287.51,3226.3900000000003,4856.75,4917.87,Transfer,32,Electronics,UK,0
59,78953,28.06,3849.44,3821.38,1387.11,1415.1699999999998,Payment,9,Grocery,India,0
60,52995,699.99,4635.81,3935.8200000000006,1430.69,2130.6800000000003,CashOut,40,Clothing,USA,0
61,40757,997.28,2247.04,1249.76,2417.2,3414.4799999999996,Transfer,20,Entertainment,India,0
62,9692,897.64,4516.74,3619.1,4920.82,5818.46,Transfer,90,Grocery,USA,0
63,45758,580.24,4401.67,3821.4300000000003,1417.9,1998.14,Transfer,91,Grocery,UK,0
64,72409,918.22,1654.26,736.04,2094.16,3012.38,Transfer,85,Entertainment,UK,0
65,71211,15.25,4357.61,4357.61,4468.25,4468.25,Transfer,82,Entertainment,USA,1
66,65697,975.32,1940.79,1940.79,114.31,114.31,CashOut,77,Grocery,India,1
67,37065,495.84,1554.66,1058.8200000000002,294.85,790.69,CashOut,80,Electronics,UK,0
68,32606,725.67,3280.47,2554.7999999999997,3059.95,3785.62,CashOut,73,Grocery,Germany,0
69,11534,822.65,1709.07,886.42,4546.16,5368.8099999999995,CashOut,63,Entertainment,UK,0
70,40397,721.27,3188.02,2466.75,1270.4,1991.67,Payment,76,Grocery,India,0
71,1016,539.69,3088.18,3088.18,2401.24,2401.24,CashOut,44,Electronics,Germany,1
72,55591,481.85,2860.85,2379.0,2307.28,2789.13,Transfer,38,Clothing,India,0
73,23247,840.2,1964.06,1964.06,2417.56,2417.56,CashOut,83,Clothing,USA,1
74,24300,213.03,2787.65,2574.62,3150.35,3363.38,Payment,60,Grocery,Germany,0
75,74065,968.31,3022.78,3022.78,2401.74,2401.74,Transfer,71,Electronics,India,1
76,82798,713.84,2773.87,2060.0299999999997,2292.59,3006.4300000000003,CashOut,99,Clothing,Germany,0
77,9268,207.51,2277.66,2277.66,2424.01,2424.01,CashOut,48,Grocery,India,1
78,12185,738.88,171.87,0.0,2995.25,3734.13,CashOut,18,Grocery,Germany,0
79,63704,534.54,2976.6,2442.06,2731.34,3265.88,Transfer,16,Electronics,India,0
80,39099,710.16,925.38,215.22000000000003,4285.27,4995.43,Transfer,55,Entertainment,USA,0
81,8571,770.1,3248.62,2478.52,342.53,1112.63,Payment,39,Grocery,Germany,0
82,38044,96.42,3820.79,3820.79,4183.25,4183.25,Transfer,68,Entertainment,Germany,1
83,51214,511.04,2552.18,2552.18,4235.23,4235.23,Transfer,59,Entertainment,Germany,1
84,61228,932.69,2757.58,2757.58,1496.05,1496.05,CashOut,89,Clothing,Germany,1
85,48984,327.44,4762.24,4434.8,2367.97,2695.41,Transfer,96,Entertainment,USA,0
86,40774,597.94,4251.12,4251.12,2248.84,2248.84,CashOut,62,Electronics,Germany,1
87,2568,375.54,4579.76,4204.22,1170.7,1546.24,CashOut,104,Clothing,UK,0
88,62592,459.73,4087.45,3627.72,2044.3,2504.0299999999997,Transfer,13,Clothing,USA,0
89,67563,553.12,633.7,80.58000000000004,317.5,870.62,Payment,109,Clothing,UK,0
90,2695,553.43,830.06,276.63,1461.33,2014.7599999999998,Payment,81,Grocery,Germany,0
91,48190,209.71,2680.46,2470.75,4101.74,4311.45,Transfer,113,Grocery,India,0
92,5258,687.73,1305.74,618.01,1494.36,2182.09,Payment,101,Entertainment,UK,0
93,39504,96.99,2435.81,2338.82,4109.21,4206.2,CashOut,6,Clothing,Germany,0
94,33159,147.44,2032.39,2032.39,2704.84,2704.84,CashOut,83,Clothing,UK,1
95,13986,12.68,2792.13,2779.4500000000003,4411.33,4424.01,Transfer,77,Electronics,Germany,0
96,61858,125.53,3759.69,3634.16,2916.42,3041.9500000000003,Payment,60,Entertainment,Germany,0
97,12666,478.43,3605.91,3127.48,245.37,723.8,Payment,90,Electronics,Germany,0
98,38660,610.04,2654.05,2044.0100000000002,3409.56,4019.6,CashOut,14,Entertainment,India,0
99,3561,796.35,4129.73,3333.3799999999997,319.78,1116.13,Transfer,95,Entertainment,UK,0
100,26854,115.63,2211.22,2095.5899999999997,2307.93,2423.56,Payment,54,Grocery,USA,0
101,64505,852.22,4493.9,3641.6799999999994,4654.19,5506.41,Transfer,4,Grocery,USA,0
102,52251,748.51,449.27,0.0,909.5,1658.01,Payment,39,Electronics,USA,0
103,22662,414.43,4777.83,4363.4,2010.37,2424.7999999999997,CashOut,72,Entertainment,USA,0
104,8392,933.61,3308.0,3308.0,3676.32,3676.32,CashOut,25,Clothing,Germany,1
105,30535,991.02,1962.37,971.3499999999999,4423.07,5414.09,Transfer,77,Grocery,UK,0
106,78603,212.95,1066.06,853.1099999999999,3387.62,3600.5699999999997,CashOut,32,Clothing,UK,0
107,52256,385.44,2448.0,2448.0,1365.05,1365.05,Payment,59,Electronics,India,1
108,35222,927.18,1053.34,126.15999999999997,3405.58,4332.76,CashOut,102,Grocery,UK,0
109,77373,724.38,915.02,190.64,1553.97,2278.35,Transfer,63,Grocery,UK,0
110,79575,57.61,3125.02,3125.02,3620.3,3620.3,Transfer,38,Entertainment,UK,1
111,84651,783.7,2663.12,1879.4199999999998,4774.76,5558.46,Transfer,92,Electronics,India,0
112,63335,829.66,3383.47,2553.81,3634.83,4464.49,Payment,53,Entertainment,USA,0
113,10965,753.0,4655.07,3902.0699999999997,4328.11,5081.11,Payment,94,Grocery,UK,0
114,24538,801.54,2708.08,1906.54,110.31,911.8499999999999,Payment,67,Electronics,India,0
115,70592,826.88,2946.57,2119.69,3616.1,4442.98,Payment,28,Grocery,India,0
116,8110,194.54,539.17,344.63,4164.98,4359.5199999999995,Payment,3,Electronics,Germany,0
117,79309,243.33,3616.42,3373.09,298.74,542.07,CashOut,109,Grocery,India,0
118,27266,637.42,2059.54,1422.12,4370.83,5008.25,Payment,118,Clothing,USA,0
119,52992,908.79,4885.95,3977.16,1357.8,2266.59,Payment,98,Clothing,UK,0
120,82948,323.03,4133.55,3810.5200000000004,3359.93,3682.96,CashOut,80,Entertainment,India,0
121,6910,592.42,2660.16,2067.74,4021.74,4614.16,Payment,22,Clothing,USA,0
122,206,686.15,703.79,17.639999999999986,3347.06,4033.21,Transfer,96,Grocery,India,0
123,23419,457.43,4311.14,3853.7100000000005,552.2,1009.6300000000001,Payment,38,Grocery,India,0
124,50636,716.64,4018.93,4018.93,3021.98,3021.98,Payment,72,Clothing,India,1
125,50015,900.67,1004.47,103.80000000000007,2792.96,3693.63,Transfer,119,Entertainment,India,0
126,54268,627.86,1546.86,918.9999999999999,4511.57,5139.429999999999,Transfer,72,Clothing,India,0
127,18141,544.38,3987.7,3443.3199999999997,2080.77,2625.15,Transfer,62,Electronics,USA,0
128,80356,444.36,1007.62,563.26,1673.3,2117.66,Transfer,57,Electronics,UK,0
129,71910,581.71,4596.99,4596.99,3774.27,3774.27,Payment,6,Electronics,UK,1
130,56044,361.81,2180.18,1818.37,2122.11,2483.92,Transfer,78,Clothing,UK,0
131,67214,397.57,526.49,526.49,3265.87,3265.87,Transfer,32,Clothing,UK,1
132,33827,536.54,4097.17,3560.63,3267.61,3804.15,CashOut,99,Clothing,USA,0
133,55820,75.95,1930.2,1930.2,4451.39,4451.39,Transfer,10,Electronics,Germany,1
134,62623,236.74,2679.85,2443.1099999999997,3033.59,3270.33,Transfer,3,Entertainment,Germany,0
135,81734,547.42,650.29,650.29,2560.55,2560.55,CashOut,59,Grocery,USA,1
136,75450,437.21,112.66,0.0,780.47,1217.68,CashOut,76,Clothing,USA,0
137,22299,339.49,3226.13,2886.6400000000003,667.11,1006.6,Payment,49,Entertainment,India,0
138,43585,733.24,2624.36,1891.1200000000001,856.18,1589.42,CashOut,59,Grocery,India,0
139,64044,696.78,3008.34,2311.5600000000004,942.06,1638.84,Payment,31,Grocery,India,0
140,42557,175.06,3989.34,3989.34,3225.6,3225.6,CashOut,93,Grocery,UK,1
141,49080,879.84,3268.37,2388.5299999999997,3730.81,4610.65,CashOut,69,Entertainment,India,0
142,2693,500.47,956.39,455.91999999999996,2696.96,3197.4300000000003,Payment,62,Entertainment,Germany,0
143,69163,744.05,1867.79,1867.79,4162.19,4162.19,CashOut,52,Electronics,UK,1
144,25939,577.42,4538.87,3961.45,4957.19,5534.61,Payment,89,Entertainment,India,0
145,48925,997.72,3872.73,3872.73,4118.06,4118.06,CashOut,41,Entertainment,UK,1
146,42941,754.88,2827.52,2827.52,3504.92,3504.92,Transfer,31,Entertainment,Germany,1
147,21834,709.91,1352.66,642.7500000000001,2709.21,3419.12,CashOut,85,Grocery,India,0
148,18047,780.79,1580.1,1580.1,2299.38,2299.38,Payment,84,Clothing,Germany,1
149,26105,151.7,3686.59,3534.8900000000003,513.52,665.22,CashOut,103,Electronics,Germany,0
150,75766,212.5,4270.75,4058.25,2056.91,2269.41,Payment,22,Clothing,Germany,0
151,15707,716.92,3389.98,2673.06,4559.66,5276.58,Payment,4,Clothing,India,0
152,21976,499.04,4066.7,3567.66,4059.31,4558.35,Transfer,13,Entertainment,USA,0
153,44262,757.09,3856.62,3856.62,1158.65,1158.65,Transfer,45,Electronics,India,1
154,23776,111.89,833.55,833.55,2386.38,2386.38,Payment,42,Clothing,Germany,1
155,30080,541.12,2177.33,1636.21,4101.94,4643.0599999999995,CashOut,114,Clothing,India,0
156,66842,385.03,849.62,464.59000000000003,430.18,815.21,Payment,49,Electronics,Germany,0
157,61373,462.43,1252.65,1252.65,1998.22,1998.22,Payment,20,Entertainment,USA,1
158,6776,607.92,4359.37,3751.45,4274.02,4881.9400000000005,CashOut,116,Clothing,UK,0
159,55016,507.27,2417.17,1909.9,2079.1,2586.37,CashOut,77,Grocery,USA,0
160,9474,544.46,2723.25,2178.79,480.31,1024.77,CashOut,81,Clothing,USA,0
161,58053,491.49,974.39,974.39,2758.42,2758.42,CashOut,54,Grocery,UK,1
162,21959,414.87,1630.13,1215.2600000000002,4322.54,4737.41,Payment,36,Entertainment,India,0
163,5530,774.16,1228.21,1228.21,2992.4,2992.4,Payment,97,Clothing,UK,1
164,3748,22.08,1110.31,1110.31,1208.77,1208.77,Transfer,1,Electronics,India,1
165,13545,602.46,3226.01,2623.55,1982.77,2585.23,Payment,15,Electronics,India,0
166,66199,569.85,1358.73,788.88,2305.6,2875.45,CashOut,77,Clothing,Germany,0
167,34766,719.02,3196.88,3196.88,2938.41,2938.41,Transfer,17,Entertainment,Germany,1
168,73530,603.04,386.43,0.0,3820.82,4423.860000000001,CashOut,24,Entertainment,UK,0
169,61087,828.53,794.69,794.69,584.48,584.48,Payment,58,Electronics,USA,1
170,68840,959.48,1445.25,1445.25,4459.29,4459.29,Transfer,72,Clothing,UK,1
171,54384,349.1,3025.53,2676.4300000000003,160.32,509.42,CashOut,114,Entertainment,India,0
172,51005,235.08,3411.62,3411.62,1913.26,1913.26,Transfer,91,Electronics,Germany,1
173,46576,429.36,2269.31,2269.31,234.36,234.36,Transfer,109,Grocery,UK,1
174,39353,295.05,2284.38,2284.38,2025.57,2025.57,Payment,23,Clothing,UK,1
175,62003,618.8,3650.13,3031.33,2676.48,3295.2799999999997,CashOut,46,Grocery,Germany,0
176,83211,912.73,177.52,0.0,2607.24,3519.97,Transfer,72,Grocery,Germany,0
177,52733,147.73,1771.34,1623.61,911.58,1059.31,Transfer,8,Entertainment,Germany,0
178,65318,109.79,4111.66,4001.87,3264.13,3373.92,CashOut,59,Entertainment,India,0
179,23664,263.46,3055.78,2792.32,319.41,582.87,Transfer,90,Entertainment,Germany,0
180,67172,728.83,1752.41,1752.41,3833.34,3833.34,Transfer,111,Clothing,USA,1
181,85616,597.03,4537.07,3940.04,4738.56,5335.59,Transfer,59,Grocery,UK,0
182,26736,111.19,3885.85,3774.66,1764.87,1876.06,CashOut,13,Clothing,Germany,0
183,854,919.56,1397.99,478.43000000000006,2634.47,3554.0299999999997,CashOut,39,Entertainment,Germany,0
184,38623,792.18,3261.92,3261.92,1956.66,1956.66,CashOut,101,Grocery,India,1
185,7392,32.79,3019.18,2986.39,132.88,165.67,CashOut,113,Clothing,India,0
186,55680,654.85,2065.82,1410.9700000000003,1990.79,2645.64,Payment,28,Clothing,UK,0
187,46717,773.53,1898.08,1124.55,3979.43,4752.96,Transfer,89,Electronics,USA,0
188,50859,380.69,1783.45,1783.45,3020.35,3020.35,CashOut,61,Clothing,UK,1
189,26309,78.23,3124.06,3045.83,596.17,674.4,Transfer,16,Entertainment,Germany,0
190,63734,86.55,2267.81,2181.2599999999998,4250.98,4337.53,Transfer,119,Clothing,USA,0
191,70467,113.2,4176.13,4176.13,2702.32,2702.32,Payment,2,Grocery,USA,1
192,52662,842.04,3381.05,3381.05,4224.44,4224.44,CashOut,118,Clothing,USA,1
193,12688,911.58,442.66,442.66,2943.09,2943.09,CashOut,82,Electronics,USA,1
194,25342,131.58,3236.82,3105.2400000000002,2842.47,2974.0499999999997,Transfer,17,Grocery,UK,0
195,37157,243.55,1428.62,1185.07,615.77,859.3199999999999,CashOut,30,Grocery,India,0
196,67863,173.87,3004.78,3004.78,920.06,920.06,Transfer,103,Electronics,India,1
197,52083,194.46,3432.65,3238.19,4862.92,5057.38,Transfer,13,Entertainment,Germany,0
198,65733,839.12,1231.06,1231.06,1219.59,1219.59,Payment,96,Grocery,India,1
199,34698,338.82,2338.61,1999.7900000000002,4889.52,5228.34,Payment,114,Entertainment,India,0
200,80623,318.33,1032.59,714.26,2706.37,3024.7,Payment,93,Grocery,India,0
201,22671,235.12,356.46,121.33999999999997,765.37,1000.49,Transfer,110,Grocery,India,0
202,25184,611.82,1954.53,1342.71,586.58,1198.4,CashOut,94,Entertainment,Germany,0
203,42107,385.51,1878.43,1492.92,1123.43,1508.94,Payment,82,Grocery,UK,0
204,86202,746.81,4977.85,4231.040000000001,4635.62,5382.43,CashOut,13,Entertainment,USA,0
205,51663,213.52,2287.13,2287.13,2129.34,2129.34,Payment,43,Electronics,India,1
206,15708,789.91,1734.49,944.58,2037.63,2827.54,Payment,85,Entertainment,UK,0
207,49811,607.68,2944.33,2336.65,1634.71,2242.39,Transfer,94,Electronics,India,0
208,2811,123.12,534.96,534.96,820.6,820.6,Payment,21,Grocery,India,1
209,56250,420.36,4812.16,4391.8,2490.47,2910.83,Payment,112,Entertainment,USA,0
210,72082,864.88,3211.3,2346.42,737.23,1602.1100000000001,Transfer,55,Grocery,USA,0
211,34754,923.73,3798.71,3798.71,4193.85,4193.85,CashOut,81,Entertainment,USA,1
212,11411,471.04,935.34,464.3,1914.95,2385.9900000000002,Payment,40,Electronics,India,0
213,2911,486.03,2106.44,2106.44,1936.54,1936.54,Transfer,83,Electronics,India,1
214,67270,919.27,2171.18,2171.18,2422.63,2422.63,Payment,116,Entertainment,India,1
215,83763,591.2,4126.85,4126.85,2276.23,2276.23,Transfer,15,Electronics,USA,1
216,8680,42.52,106.06,63.54,4974.8,5017.320000000001,CashOut,73,Grocery,Germany,0
217,84896,913.62,1574.18,660.5600000000001,2772.37,3685.99,CashOut,52,Grocery,UK,0
218,83879,255.74,4908.06,4652.320000000001,532.19,787.9300000000001,Transfer,74,Clothing,Germany,0
219,71295,581.86,2426.94,1845.08,3073.7,3655.56,Transfer,108,Electronics,India,0
220,11111,173.86,1974.38,1974.38,842.76,842.76,Transfer,95,Grocery,India,1
221,37504,43.54,687.16,643.62,251.59,295.13,CashOut,53,Entertainment,Germany,0
222,1802,318.36,4873.41,4555.05,4856.64,5175.0,Payment,87,Electronics,India,0
223,8155,782.69,198.13,198.13,3890.34,3890.34,CashOut,52,Grocery,UK,1
224,73656,284.81,3712.18,3427.37,4902.53,5187.34,Transfer,30,Electronics,India,0
225,39384,227.9,3866.14,3638.24,2441.6,2669.5,Transfer,33,Entertainment,UK,0
226,47254,220.55,1293.92,1073.3700000000001,2708.06,2928.61,CashOut,57,Grocery,Germany,0
227,21918,520.02,3390.64,3390.64,924.85,924.85,Transfer,52,Clothing,Germany,1
228,85981,975.79,555.35,0.0,1309.85,2285.64,CashOut,9,Clothing,India,0
229,60713,464.4,1359.53,1359.53,4208.89,4208.89,Transfer,54,Electronics,UK,1
230,30306,561.73,3960.72,3398.99,1845.31,2407.04,Payment,111,Entertainment,India,0
231,16646,862.03,4336.96,4336.96,4151.39,4151.39,Payment,1,Grocery,USA,1
232,46843,539.72,3081.58,3081.58,3574.17,3574.17,Transfer,44,Entertainment,USA,1
233,16371,192.62,2583.51,2390.8900000000003,968.14,1160.76,CashOut,99,Grocery,USA,0
234,77371,306.6,880.59,573.99,2586.49,2893.0899999999997,Payment,75,Electronics,USA,0
235,2049,316.84,409.23,92.39000000000004,3419.2,3736.04,CashOut,98,Grocery,India,0
236,31616,403.34,676.48,676.48,1251.68,1251.68,Transfer,80,Entertainment,USA,1
237,20932,432.52,1214.05,781.53,4170.37,4602.889999999999,CashOut,9,Entertainment,UK,0
238,29855,801.78,1774.21,972.4300000000001,2769.66,3571.4399999999996,Payment,32,Electronics,Germany,0
239,61434,355.89,1966.46,1610.5700000000002,909.69,1265.58,CashOut,15,Entertainment,Germany,0
240,72694,473.55,1796.98,1323.43,2956.62,3430.17,CashOut,12,Grocery,USA,0
241,43016,628.73,1271.37,642.6399999999999,4998.6,5627.33,Transfer,97,Electronics,USA,0
242,7400,383.95,2597.65,2213.7000000000003,837.56,1221.51,Transfer,109,Grocery,USA,0
243,42642,838.2,4143.9,3305.7,4102.11,4940.3099999999995,Transfer,78,Entertainment,India,0
244,15151,591.58,1470.55,1470.55,1115.81,1115.81,Payment,57,Electronics,Germany,1
245,51407,301.1,4717.7,4416.599999999999,3933.7,4234.8,Payment,8,Grocery,USA,0
246,66690,716.92,4379.35,3662.4300000000003,3699.43,4416.349999999999,Transfer,72,Entertainment,UK,0
247,4499,532.37,892.64,892.64,1572.4,1572.4,Transfer,27,Entertainment,USA,1
248,6295,539.11,3952.75,3952.75,1696.53,1696.53,Payment,62,Clothing,Germany,1
249,59040,486.28,2915.48,2915.48,3983.35,3983.35,Payment,12,Entertainment,USA,1
250,12183,502.04,2876.22,2374.18,2361.08,2863.12,Payment,65,Grocery,Germany,0
251,29299,767.7,2016.11,1248.4099999999999,3681.01,4448.71,Payment,107,Electronics,USA,0
252,12874,111.95,2555.65,2443.7000000000003,825.12,937.07,Transfer,104,Clothing,UK,0
253,32711,341.02,2046.18,2046.18,4277.53,4277.53,Payment,42,Entertainment,USA,1
254,5539,84.75,2744.69,2659.94,3583.34,3668.09,Transfer,62,Entertainment,UK,0
255,53351,755.71,3176.96,2421.25,4544.02,5299.7300000000005,CashOut,115,Entertainment,UK,0
256,61267,279.58,3404.09,3124.51,748.62,1028.2,CashOut,11,Grocery,USA,0
257,48354,898.46,2709.16,1810.6999999999998,3005.77,3904.23,Payment,103,Clothing,UK,0
258,2557,531.31,3634.97,3103.66,3035.69,3567.0,CashOut,43,Grocery,India,0
259,38360,802.74,792.26,0.0,1831.96,2634.7,CashOut,95,Clothing,USA,0
260,82018,979.14,1138.71,159.57000000000005,2346.49,3325.6299999999997,CashOut,17,Electronics,USA,0
261,2200,841.39,4111.8,3270.4100000000003,286.11,1127.5,Payment,97,Grocery,UK,0
262,68497,868.32,1680.39,1680.39,3754.71,3754.71,Payment,32,Grocery,UK,1
263,46975,413.9,212.18,212.18,2791.68,2791.68,CashOut,93,Electronics,USA,1
264,21357,556.21,853.58,853.58,382.93,382.93,Transfer,85,Clothing,India,1
265,77505,261.35,1195.71,1195.71,3435.7,3435.7,CashOut,85,Entertainment,UK,1
266,2869,204.15,4790.88,4586.7300000000005,2387.23,2591.38,Payment,40,Electronics,UK,0
267,61135,510.45,2907.9,2397.4500000000003,268.86,779.31,Payment,23,Entertainment,Germany,0
268,50108,599.1,4670.38,4071.28,4851.08,5450.18,Payment,56,Entertainment,India,0
269,38467,345.88,2918.3,2572.42,4750.65,5096.53,CashOut,6,Electronics,India,0
270,23328,573.75,2448.84,1875.0900000000001,2613.22,3186.97,Transfer,86,Clothing,USA,0
271,3987,888.59,1637.27,748.68,558.99,1447.58,Payment,50,Entertainment,India,0
272,58871,561.15,3071.22,2510.0699999999997,3797.64,4358.79,Payment,102,Electronics,USA,0
273,22399,723.6,782.07,58.47000000000003,2510.46,3234.06,CashOut,37,Grocery,Germany,0
274,46214,807.26,4501.48,3694.2199999999993,1581.99,2389.25,Transfer,109,Grocery,India,0
275,70271,988.84,4163.73,3174.8899999999994,2507.95,3496.79,CashOut,64,Grocery,UK,0
276,44064,607.17,1655.9,1655.9,2659.98,2659.98,Payment,115,Electronics,Germany,1
277,70091,808.78,4768.71,3959.9300000000003,2857.29,3666.0699999999997,Transfer,54,Grocery,USA,0
278,40818,963.02,4143.48,3180.4599999999996,2262.0,3225.02,Transfer,72,Entertainment,Germany,0
279,45525,944.97,3364.9,2419.9300000000003,3068.2,4013.17,Payment,105,Grocery,USA,0
280,19830,149.67,696.63,546.96,4601.8,4751.47,Transfer,49,Grocery,Germany,0
281,17429,412.33,2443.35,2031.02,1875.11,2287.44,Transfer,99,Entertainment,USA,0
282,6893,330.75,2579.93,2249.18,3656.01,3986.76,CashOut,115,Grocery,India,0
283,79909,96.06,1239.5,1143.44,4482.82,4578.88,Payment,11,Entertainment,UK,0
284,47333,636.91,491.83,0.0,2334.3,2971.21,Payment,88,Grocery,USA,0
285,3436,738.55,3905.95,3905.95,2272.93,2272.93,Payment,49,Entertainment,Germany,1
286,74290,849.65,697.97,697.97,3050.37,3050.37,Payment,21,Grocery,USA,1
287,76213,131.55,3012.02,2880.47,2997.89,3129.44,Payment,115,Entertainment,USA,0
288,5895,877.68,4688.6,3810.9200000000005,4052.29,4929.97,Transfer,66,Electronics,USA,0
289,19738,646.5,4392.92,4392.92,2434.77,2434.77,CashOut,63,Entertainment,Germany,1
290,30746,706.91,1460.99,754.08,4981.0,5687.91,Payment,104,Grocery,UK,0
291,49377,911.52,4272.1,3360.5800000000004,391.41,1302.93,CashOut,83,Grocery,India,0
292,48404,628.51,101.63,0.0,115.52,744.03,CashOut,103,Clothing,UK,0
293,54045,342.51,186.67,186.67,3236.97,3236.97,Transfer,28,Entertainment,USA,1
294,39790,826.86,3052.51,2225.65,1562.33,2389.19,Payment,17,Electronics,Germany,0
295,5600,369.43,1887.51,1518.08,1277.87,1647.3,Transfer,6,Entertainment,UK,0
296,40764,43.89,1993.66,1993.66,1628.31,1628.31,Payment,19,Entertainment,USA,1
297,74543,832.35,2865.76,2033.4100000000003,1354.63,2186.98,Transfer,56,Electronics,India,0
298,45714,351.74,1039.73,687.99,250.87,602.61,CashOut,102,Entertainment,India,0
299,56835,776.1,1137.6,1137.6,4860.51,4860.51,Payment,28,Electronics,India,1
300,73744,369.13,2474.55,2105.42,1181.65,1550.7800000000002,CashOut,66,Electronics,USA,0
301,56491,862.46,3795.84,2933.38,3696.75,4559.21,CashOut,38,Entertainment,Germany,0
302,18589,227.32,3135.54,2908.22,3836.72,4064.04,Transfer,119,Entertainment,UK,0
303,43484,974.8,1557.04,582.24,4653.36,5628.16,Payment,37,Grocery,India,0
304,82989,781.96,2208.65,1426.69,249.69,1031.65,CashOut,115,Grocery,USA,0
305,36212,123.1,936.26,813.16,4373.04,4496.14,Transfer,116,Clothing,USA,0
306,43525,570.12,465.69,0.0,2683.41,3253.5299999999997,Payment,68,Clothing,UK,0
307,47202,985.51,3935.21,3935.21,3199.47,3199.47,Payment,86,Entertainment,India,1
308,32635,476.35,1400.4,924.0500000000001,3257.9,3734.25,CashOut,90,Electronics,USA,0
309,63208,190.29,971.06,780.77,4117.01,4307.3,Payment,49,Clothing,UK,0
310,33828,489.93,3488.93,2999.0,1733.7,2223.63,CashOut,43,Entertainment,Germany,0
311,18711,517.33,3128.45,3128.45,3691.95,3691.95,Payment,36,Clothing,Germany,1
312,3420,744.27,3202.63,2458.36,2690.03,3434.3,Transfer,58,Electronics,Germany,0
313,301,701.86,1221.58,519.7199999999999,3987.63,4689.49,CashOut,13,Entertainment,India,0
314,45236,408.52,1239.96,831.44,4953.68,5362.200000000001,CashOut,52,Electronics,UK,0
315,66235,225.84,1181.93,956.09,1083.19,1309.03,Payment,58,Entertainment,UK,0
316,54240,648.6,951.39,302.78999999999996,4973.78,5622.38,Payment,32,Clothing,USA,0
317,65726,427.49,3313.05,3313.05,540.08,540.08,CashOut,81,Grocery,USA,1
318,10492,140.95,4255.28,4114.33,111.36,252.31,Payment,105,Clothing,USA,0
319,6102,901.57,3649.16,2747.5899999999997,316.39,1217.96,Transfer,100,Clothing,UK,0
320,50336,694.31,3981.26,3286.9500000000003,1774.73,2469.04,Payment,119,Grocery,USA,0
321,85314,686.35,2083.51,2083.51,3201.24,3201.24,Transfer,60,Grocery,UK,1
322,26641,824.36,3304.97,2480.6099999999997,438.24,1262.6,Transfer,110,Entertainment,UK,0
323,34584,534.37,1835.76,1301.3899999999999,127.76,662.13,Transfer,83,Entertainment,Germany,0
324,32745,816.9,2674.97,1858.0699999999997,4691.75,5508.65,Transfer,58,Electronics,USA,0
325,23093,503.11,2460.01,1956.9,4127.44,4630.549999999999,Transfer,99,Electronics,Germany,0
326,66105,76.5,966.75,890.25,4065.0,4141.5,Payment,110,Clothing,India,0
327,51885,411.2,1996.69,1585.49,4433.68,4844.88,Transfer,104,Grocery,India,0
328,36631,502.49,4822.73,4320.24,3530.17,4032.66,Payment,56,Electronics,India,0
329,72991,723.0,1318.04,595.04,611.58,1334.58,Transfer,28,Clothing,UK,0
330,4014,115.51,755.64,640.13,2055.59,2171.1000000000004,CashOut,1,Grocery,UK,0
331,11093,148.62,2151.05,2002.4300000000003,3643.43,3792.0499999999997,Transfer,42,Entertainment,UK,0
332,18070,271.05,3972.65,3701.6,1473.64,1744.69,CashOut,82,Clothing,USA,0
333,35777,273.83,2952.53,2952.53,3468.29,3468.29,Transfer,48,Entertainment,Germany,1
334,56958,734.86,3436.78,3436.78,220.04,220.04,Transfer,40,Electronics,UK,1
335,82074,258.22,1029.5,1029.5,1600.07,1600.07,Transfer,97,Electronics,Germany,1
336,10729,636.77,3132.85,3132.85,2790.74,2790.74,CashOut,63,Grocery,Germany,1
337,45017,499.33,1685.15,1185.8200000000002,3197.24,3696.5699999999997,CashOut,76,Clothing,Germany,0
338,66320,577.56,4188.09,4188.09,2927.5,2927.5,Transfer,72,Entertainment,USA,1
339,27751,839.73,3183.56,2343.83,3519.01,4358.74,Payment,88,Grocery,USA,0
340,78069,410.34,1074.4,664.0600000000002,129.83,540.17,Transfer,80,Electronics,India,0
341,54748,773.2,416.62,0.0,594.61,1367.81,CashOut,114,Electronics,India,0
342,5801,427.82,308.9,0.0,4357.83,4785.65,Transfer,4,Clothing,Germany,0
343,19190,360.33,1919.9,1919.9,3440.57,3440.57,CashOut,38,Entertainment,India,1
344,49689,959.04,1402.67,443.6300000000001,653.37,1612.4099999999999,CashOut,108,Clothing,Germany,0
345,50993,192.53,3265.84,3073.31,4226.16,4418.69,CashOut,27,Entertainment,USA,0
346,29592,99.43,2546.74,2546.74,1286.93,1286.93,Transfer,9,Entertainment,USA,1
347,10647,773.28,1403.49,630.21,2443.47,3216.75,CashOut,111,Clothing,USA,0
348,8716,77.57,831.27,753.7,811.46,889.03,CashOut,16,Grocery,UK,0
349,70316,838.71,723.28,723.28,3579.54,3579.54,Transfer,56,Clothing,Germany,1
350,2368,442.82,4336.84,3894.02,3367.59,3810.4100000000003,CashOut,76,Clothing,USA,0
351,77575,916.36,1293.04,376.67999999999995,1134.45,2050.81,Transfer,31,Electronics,Germany,0
352,6655,724.32,3293.38,2569.06,4330.66,5054.98,CashOut,88,Electronics,India,0
353,70031,614.3,4072.36,3458.0600000000004,2066.4,2680.7,Payment,119,Clothing,India,0
354,76429,949.81,3109.0,3109.0,1533.32,1533.32,Payment,14,Clothing,USA,1
355,55766,402.68,4311.87,3909.19,846.41,1249.09,CashOut,109,Electronics,Germany,0
356,13403,954.55,2022.73,1068.18,1404.22,2358.77,Payment,25,Entertainment,USA,0
357,32097,143.65,4785.49,4641.84,207.93,351.58000000000004,Transfer,34,Clothing,India,0
358,78657,488.92,752.41,263.48999999999995,2957.96,3446.88,Payment,67,Grocery,USA,0
359,10966,277.21,600.53,600.53,4226.93,4226.93,CashOut,24,Grocery,Germany,1
360,52921,544.44,3327.59,2783.15,2790.0,3334.44,CashOut,118,Grocery,India,0
361,49726,170.39,4719.87,4549.48,1174.44,1344.83,Transfer,106,Clothing,UK,0
362,50300,843.11,4063.53,3220.42,264.98,1108.0900000000001,CashOut,73,Entertainment,India,0
363,22677,847.94,474.44,0.0,1151.68,1999.6200000000001,Transfer,26,Entertainment,UK,0
364,55609,955.68,1468.9,1468.9,2138.99,2138.99,Payment,20,Electronics,USA,1
365,56661,163.13,4658.56,4495.43,3822.1,3985.23,Payment,64,Clothing,USA,0
366,31024,627.1,1339.99,712.89,1020.43,1647.53,Transfer,104,Entertainment,Germany,0
367,70313,479.49,3927.74,3448.25,3626.98,4106.47,Transfer,10,Clothing,UK,0
368,53006,350.94,4143.15,4143.15,4347.97,4347.97,CashOut,83,Electronics,USA,1
369,15338,358.02,2527.72,2169.7,2324.34,2682.36,Payment,67,Electronics,UK,0
370,68027,418.67,1993.11,1993.11,4125.02,4125.02,Transfer,24,Electronics,USA,1
371,80135,707.88,2305.61,1597.73,2817.82,3525.7000000000003,Payment,5,Grocery,India,0
372,19508,602.3,1212.13,1212.13,3221.75,3221.75,Transfer,67,Clothing,USA,1
373,3051,465.08,4458.02,3992.9400000000005,2678.76,3143.84,Payment,58,Electronics,Germany,0
374,48747,85.17,2308.04,2222.87,2369.55,2454.7200000000003,CashOut,27,Clothing,India,0
375,54021,86.99,4424.05,4337.06,1249.8,1336.79,Payment,80,Grocery,Germany,0
376,66412,12.32,617.9,605.5799999999999,1585.65,1597.97,Payment,113,Grocery,India,0
377,58335,968.02,4942.55,4942.55,1520.85,1520.85,Payment,15,Electronics,UK,1
378,56179,15.2,2272.04,2272.04,2860.12,2860.12,Payment,35,Electronics,Germany,1
379,32093,112.06,334.37,222.31,687.77,799.8299999999999,Payment,76,Entertainment,USA,0
380,69678,321.45,286.31,0.0,4592.28,4913.73,CashOut,105,Clothing,UK,0
381,80738,809.36,3756.42,2947.06,3631.21,4440.57,Transfer,53,Electronics,USA,0
382,39734,962.48,3329.27,3329.27,2067.08,2067.08,Payment,44,Entertainment,India,1
383,72615,792.11,4030.44,3238.33,877.26,1669.37,CashOut,26,Clothing,India,0
384,73523,693.65,616.3,0.0,4421.76,5115.41,Payment,47,Electronics,USA,0
385,17019,526.09,274.3,0.0,4136.51,4662.6,Payment,34,Entertainment,USA,0
386,83613,95.84,2592.04,2496.2,3636.44,3732.28,Transfer,87,Entertainment,UK,0
387,73847,958.59,1999.22,1040.63,1430.58,2389.17,Payment,95,Clothing,USA,0
388,82750,760.81,2363.54,1602.73,2071.99,2832.7999999999997,CashOut,50,Entertainment,Germany,0
389,79634,642.56,4958.78,4316.219999999999,603.47,1246.03,CashOut,84,Clothing,Germany,0
390,28251,761.45,4856.67,4856.67,1026.29,1026.29,Transfer,12,Clothing,USA,1
391,25945,726.86,4717.35,3990.4900000000002,3936.78,4663.64,Payment,87,Clothing,Germany,0
392,32217,640.86,3940.83,3299.97,3603.69,4244.55,CashOut,4,Grocery,USA,0
393,8308,980.77,1838.72,857.95,3008.08,3988.85,Payment,87,Entertainment,UK,0
394,5949,904.33,2119.44,2119.44,4489.06,4489.06,Payment,48,Clothing,Germany,1
395,51990,650.2,2793.12,2142.92,2958.01,3608.21,Payment,55,Electronics,Germany,0
396,1150,696.24,4169.62,3473.38,2388.14,3084.38,Transfer,112,Grocery,USA,0
397,74740,61.08,436.69,375.61,1767.82,1828.8999999999999,Payment,1,Grocery,Germany,0
398,66617,673.22,2179.05,1505.8300000000002,4708.2,5381.42,CashOut,118,Entertainment,India,0
399,16896,53.72,504.83,451.11,505.31,559.03,Payment,89,Clothing,UK,0
400,46175,592.38,2621.82,2621.82,4661.35,4661.35,CashOut,66,Entertainment,UK,1
401,7805,999.36,4504.61,4504.61,4150.9,4150.9,Payment,30,Grocery,Germany,1
402,5237,560.25,3934.18,3373.93,736.66,1296.9099999999999,CashOut,3,Clothing,Germany,0
403,20056,478.48,1216.43,737.95,2868.42,3346.9,CashOut,21,Electronics,India,0
404,45543,319.73,4882.36,4882.36,4346.09,4346.09,Payment,89,Clothing,India,1
405,56556,129.32,3370.02,3240.7,2901.86,3031.1800000000003,Payment,84,Grocery,Germany,0
406,3343,733.71,151.1,151.1,4545.28,4545.28,CashOut,49,Electronics,Germany,1
407,13500,200.67,1351.53,1150.86,4720.62,4921.29,Transfer,116,Clothing,India,0
408,53222,124.13,1377.5,1377.5,2169.68,2169.68,Payment,86,Electronics,USA,1
409,29375,427.55,439.35,439.35,1948.84,1948.84,Transfer,85,Electronics,India,1
410,9662,797.39,4803.15,4803.15,4687.97,4687.97,Payment,62,Grocery,USA,1
411,16964,747.61,2443.45,1695.8399999999997,3408.19,4155.8,Payment,97,Electronics,UK,0
412,59638,64.33,4489.49,4425.16,668.51,732.84,Payment,116,Entertainment,UK,0
413,73666,460.59,1678.86,1678.86,307.23,307.23,Payment,38,Grocery,India,1
414,85067,527.21,713.64,186.42999999999995,2866.68,3393.89,Transfer,15,Entertainment,USA,0
415,67215,648.1,2424.25,1776.15,4657.84,5305.9400000000005,Payment,110,Electronics,India,0
416,69042,653.67,658.39,658.39,4236.82,4236.82,CashOut,52,Entertainment,India,1
417,13284,371.05,2481.48,2481.48,3411.65,3411.65,CashOut,79,Clothing,USA,1
418,72789,565.07,4609.46,4609.46,781.67,781.67,Transfer,46,Electronics,India,1
419,84664,486.25,2651.76,2165.51,1345.73,1831.98,Payment,25,Clothing,UK,0
420,61389,886.15,3120.85,3120.85,4390.01,4390.01,CashOut,21,Entertainment,Germany,1
421,9435,534.96,867.53,867.53,995.76,995.76,Transfer,88,Clothing,Germany,1
422,54340,446.62,314.3,0.0,1464.35,1910.9699999999998,Payment,5,Electronics,India,0
423,44078,410.44,642.96,232.52000000000004,735.04,1145.48,CashOut,70,Clothing,USA,0
424,78832,576.7,3032.8,2456.1000000000004,3412.93,3989.63,CashOut,113,Entertainment,USA,0
425,51293,805.94,565.56,0.0,4725.51,5531.450000000001,Transfer,107,Entertainment,UK,0
426,78781,543.02,1942.37,1942.37,1417.94,1417.94,Payment,112,Entertainment,USA,1
427,60403,665.04,2795.45,2130.41,2429.49,3094.5299999999997,Payment,108,Electronics,USA,0
428,29124,740.48,2004.4,2004.4,3208.26,3208.26,CashOut,47,Entertainment,UK,1
429,43919,524.97,902.05,902.05,4997.38,4997.38,CashOut,87,Electronics,India,1
430,35247,432.55,1441.58,1009.03,613.56,1046.11,CashOut,68,Clothing,Germany,0
431,62752,877.9,4648.76,4648.76,2543.0,2543.0,Payment,91,Entertainment,UK,1
432,56573,423.33,3412.31,2988.98,1987.09,2410.42,Transfer,18,Clothing,India,0
433,59101,467.32,2530.63,2530.63,4342.52,4342.52,Transfer,21,Grocery,UK,1
434,26646,990.44,162.3,0.0,2432.24,3422.68,Payment,92,Clothing,India,0
435,23049,10.24,4962.84,4962.84,643.79,643.79,Transfer,99,Grocery,UK,1
436,79605,193.62,3390.13,3196.51,3208.68,3402.2999999999997,CashOut,86,Clothing,India,0
437,68385,390.12,1652.92,1262.8000000000002,3876.83,4266.95,Transfer,104,Electronics,UK,0
438,40158,933.26,4408.42,4408.42,114.12,114.12,Transfer,23,Clothing,India,1
439,65417,79.33,1366.31,1286.98,4308.89,4388.22,Transfer,64,Electronics,UK,0
440,23289,19.39,2765.68,2746.29,1011.51,1030.9,CashOut,67,Electronics,Germany,0
441,9823,62.16,3216.75,3154.59,2805.14,2867.2999999999997,Payment,40,Entertainment,Germany,0
442,60160,97.66,1183.21,1183.21,2137.41,2137.41,CashOut,114,Electronics,USA,1
443,41975,47.22,4894.15,4846.929999999999,3626.3,3673.52,Payment,10,Grocery,India,0
444,9540,484.98,3766.14,3281.16,1918.69,2403.67,Payment,89,Entertainment,UK,0
445,16364,584.95,2833.28,2248.33,4361.84,4946.79,Payment,52,Entertainment,India,0
446,4611,278.97,984.91,705.9399999999999,3679.43,3958.3999999999996,Transfer,113,Clothing,Germany,0
447,27663,404.3,363.91,0.0,3273.79,3678.09,Transfer,72,Electronics,India,0
448,51991,100.78,1668.29,1567.51,4001.58,4102.36,Payment,119,Electronics,UK,0
449,57679,343.01,3790.62,3447.6099999999997,3794.71,4137.72,Payment,75,Grocery,India,0
450,30977,527.29,1419.72,892.4300000000001,276.1,803.39,Transfer,61,Clothing,UK,0
451,49115,734.95,2743.83,2008.8799999999999,2034.2,2769.15,CashOut,64,Clothing,Germany,0
452,60890,13.31,3666.94,3666.94,4660.96,4660.96,Payment,5,Entertainment,Germany,1
453,66387,472.64,628.92,156.27999999999997,716.05,1188.69,CashOut,109,Entertainment,Germany,0
454,18071,304.03,3457.96,3153.9300000000003,3711.77,4015.8,Transfer,53,Entertainment,USA,0
455,59275,854.29,550.17,0.0,4875.5,5729.79,Payment,55,Grocery,Germany,0
456,72369,718.4,4829.14,4110.740000000001,355.77,1074.17,CashOut,37,Grocery,India,0
457,11938,593.22,2493.13,2493.13,3442.75,3442.75,CashOut,56,Entertainment,USA,1
458,35195,284.49,838.31,553.8199999999999,2393.96,2678.45,CashOut,59,Clothing,Germany,0
459,4000,911.24,1777.68,866.44,2937.96,3849.2,Transfer,109,Grocery,India,0
460,70588,54.65,2125.74,2071.0899999999997,518.17,572.8199999999999,Transfer,102,Clothing,India,0
461,38304,118.37,3815.11,3696.7400000000002,310.73,429.1,CashOut,93,Clothing,India,0
462,69449,397.71,3742.78,3345.07,3367.65,3765.36,CashOut,69,Electronics,UK,0
463,82986,133.19,3098.51,2965.32,4134.22,4267.41,Transfer,73,Entertainment,USA,0
464,20764,956.85,619.06,0.0,3931.88,4888.7300000000005,CashOut,59,Electronics,India,0
465,86027,800.01,842.69,842.69,2764.65,2764.65,CashOut,112,Entertainment,UK,1
466,38494,266.39,559.41,293.02,589.35,855.74,Transfer,2,Entertainment,Germany,0
467,3373,592.67,2928.15,2335.48,3471.42,4064.09,CashOut,65,Clothing,India,0
468,12161,982.51,4397.98,4397.98,1285.26,1285.26,CashOut,104,Entertainment,UK,1
469,27350,885.36,2225.62,2225.62,4564.24,4564.24,CashOut,60,Clothing,India,1
470,25351,604.79,888.16,283.37,4207.5,4812.29,Transfer,51,Clothing,USA,0
471,15305,904.69,2834.41,2834.41,3575.98,3575.98,CashOut,30,Entertainment,USA,1
472,75353,989.29,4077.59,4077.59,4749.35,4749.35,Transfer,11,Clothing,Germany,1
473,76797,745.92,3734.39,2988.47,253.97,999.89,Transfer,92,Clothing,India,0
474,65953,74.34,4419.11,4344.7699999999995,3707.38,3781.7200000000003,Payment,108,Clothing,UK,0
475,57458,407.56,1461.72,1054.16,1718.19,2125.75,Payment,76,Grocery,Germany,0
476,20358,839.45,1050.37,1050.37,4539.72,4539.72,CashOut,39,Clothing,India,1
477,3267,238.26,4411.1,4172.84,1406.71,1644.97,Transfer,90,Grocery,Germany,0
478,82745,832.34,3322.05,2489.71,3651.8,4484.14,Payment,77,Grocery,UK,0
479,38513,129.14,1623.55,1623.55,4400.47,4400.47,CashOut,72,Clothing,Germany,1
480,26092,56.48,3737.51,3681.03,304.12,360.6,Payment,63,Clothing,Germany,0
481,11338,390.25,4094.08,3703.83,2048.47,2438.72,Payment,64,Grocery,Germany,0
482,412,46.36,3113.39,3067.0299999999997,3835.31,3881.67,Transfer,61,Grocery,India,0
483,7543,957.7,3470.63,2512.9300000000003,2329.1,3286.8,Transfer,54,Clothing,UK,0
484,33496,827.94,1938.77,1938.77,1409.54,1409.54,Payment,92,Clothing,USA,1
485,60692,802.76,2739.61,1936.8500000000001,1177.05,1979.81,Payment,94,Entertainment,India,0
486,44425,633.48,2668.38,2668.38,744.44,744.44,Transfer,73,Grocery,USA,1
487,38756,224.16,4255.43,4031.2700000000004,4299.93,4524.09,CashOut,103,Grocery,USA,0
488,18888,523.08,4215.82,3692.74,2919.24,3442.3199999999997,Transfer,95,Entertainment,India,0
489,35735,601.3,4180.13,4180.13,474.29,474.29,Payment,58,Grocery,India,1
490,47295,529.78,154.05,0.0,1974.64,2504.42,CashOut,85,Electronics,UK,0
491,83042,267.63,3772.77,3505.14,1901.89,2169.52,Payment,56,Grocery,UK,0
492,85999,520.1,3817.51,3297.4100000000003,990.52,1510.62,CashOut,111,Entertainment,Germany,0
493,17955,496.27,3424.06,3424.06,2233.99,2233.99,Payment,34,Electronics,USA,1
494,37841,996.37,3805.7,2809.33,1727.29,2723.66,CashOut,119,Clothing,UK,0
495,70640,898.46,4225.65,3327.1899999999996,1774.84,2673.3,CashOut,31,Entertainment,Germany,0
496,65510,468.75,2404.56,1935.81,3721.23,4189.98,Payment,52,Entertainment,UK,0
497,34911,626.71,2560.05,1933.3400000000001,1193.99,1820.7,CashOut,89,Clothing,India,0
498,59031,750.39,711.1,711.1,3245.11,3245.11,Transfer,76,Entertainment,UK,1
499,7357,44.52,1988.34,1943.82,2896.18,2940.7,Payment,1,Grocery,USA,0
500,32479,895.97,3252.49,2356.5199999999995,2883.65,3779.62,Transfer,55,Clothing,UK,0
501,61476,861.53,3923.96,3062.4300000000003,3348.74,4210.2699999999995,Payment,22,Entertainment,USA,0
502,44811,462.86,1164.32,701.4599999999999,2787.07,3249.9300000000003,CashOut,40,Clothing,India,0
503,36208,397.26,775.33,775.33,4408.35,4408.35,CashOut,101,Clothing,USA,1
504,20150,280.23,3348.91,3068.68,3410.34,3690.57,CashOut,111,Clothing,UK,0
505,71180,481.91,109.21,109.21,2780.12,2780.12,Payment,1,Electronics,Germany,1
506,43286,53.93,974.03,920.1,4165.84,4219.77,Transfer,65,Entertainment,India,0
507,68450,853.67,242.45,0.0,3070.12,3923.79,Transfer,63,Electronics,UK,0
508,21352,45.07,917.74,917.74,1526.61,1526.61,Payment,106,Entertainment,India,1
509,55069,335.76,988.46,652.7,1114.77,1450.53,Payment,54,Grocery,India,0
510,14397,932.27,1999.6,1999.6,846.41,846.41,Transfer,42,Grocery,UK,1
511,41555,737.86,2071.4,2071.4,4507.33,4507.33,Transfer,21,Grocery,UK,1
512,46959,288.58,4383.89,4095.3100000000004,3579.66,3868.24,Transfer,79,Entertainment,Germany,0
513,728,260.12,2599.54,2339.42,4693.15,4953.2699999999995,Transfer,81,Clothing,India,0
514,50517,15.03,3644.68,3644.68,3056.13,3056.13,Payment,22,Clothing,India,1
515,66234,698.76,610.27,0.0,2419.66,3118.42,Payment,38,Electronics,UK,0
516,39954,58.3,1204.65,1146.3500000000001,392.61,450.91,CashOut,99,Electronics,USA,0
517,47280,537.28,3544.42,3007.1400000000003,3391.05,3928.33,Transfer,109,Grocery,UK,0
518,79459,962.5,358.74,0.0,2952.82,3915.32,CashOut,80,Electronics,India,0
519,16779,118.37,2484.33,2484.33,4952.02,4952.02,Payment,8,Entertainment,UK,1
520,63932,895.54,3036.91,2141.37,1271.88,2167.42,Payment,62,Entertainment,Germany,0
521,72936,991.56,3050.51,2058.9500000000003,2700.61,3692.17,CashOut,47,Electronics,USA,0
522,24466,70.9,212.37,141.47,3289.69,3360.59,Transfer,17,Electronics,UK,0
523,36939,884.08,1678.33,794.2499999999999,3258.5,4142.58,Transfer,17,Electronics,Germany,0
524,69896,520.92,3218.8,2697.88,2850.34,3371.26,Transfer,118,Electronics,India,0
525,35270,907.45,830.1,830.1,3906.95,3906.95,Transfer,90,Grocery,UK,1
526,59163,575.61,3507.54,2931.93,1104.41,1680.02,CashOut,13,Grocery,India,0
527,82637,665.49,3755.03,3755.03,3655.57,3655.57,CashOut,17,Electronics,Germany,1
528,51934,548.34,4911.65,4911.65,3136.7,3136.7,Payment,38,Entertainment,India,1
529,64895,865.85,1128.23,262.38,4490.77,5356.620000000001,Transfer,81,Grocery,Germany,0
530,32307,736.57,4143.14,3406.57,4251.25,4987.82,Transfer,112,Entertainment,Germany,0
531,54098,526.05,2649.45,2123.3999999999996,1644.22,2170.27,Transfer,78,Clothing,Germany,0
532,60921,869.48,1929.97,1060.49,1453.56,2323.04,CashOut,45,Entertainment,UK,0
533,5486,252.83,699.65,699.65,4910.1,4910.1,Transfer,6,Electronics,India,1
534,8335,165.77,3703.98,3703.98,2683.6,2683.6,CashOut,35,Clothing,India,1
535,11130,168.8,1255.7,1086.9,4541.46,4710.26,Transfer,110,Grocery,USA,0
536,60566,340.67,1919.97,1579.3,903.02,1243.69,Transfer,14,Grocery,USA,0
537,66703,246.3,406.46,406.46,3249.81,3249.81,Payment,111,Clothing,USA,1
538,27192,930.79,4026.7,4026.7,4068.31,4068.31,Transfer,72,Entertainment,USA,1
539,1062,114.78,3856.28,3741.5,4742.24,4857.0199999999995,Transfer,61,Grocery,India,0
540,84076,702.0,3694.72,2992.72,1752.97,2454.9700000000003,Payment,15,Electronics,Germany,0
541,21545,197.33,1567.27,1369.94,3652.41,3849.74,CashOut,54,Clothing,Germany,0
542,21689,882.82,950.05,950.05,2740.18,2740.18,CashOut,27,Electronics,UK,1
543,11174,961.7,3224.01,2262.3100000000004,397.08,1358.78,Transfer,13,Clothing,Germany,0
544,9348,470.82,2531.22,2060.3999999999996,3481.0,3951.82,CashOut,113,Grocery,India,0
545,23714,880.28,973.44,93.16000000000008,3481.47,4361.75,Transfer,31,Entertainment,India,0
546,38102,15.09,3460.97,3445.8799999999997,4659.97,4675.06,Payment,117,Clothing,India,0
547,74460,821.75,4956.52,4134.77,2536.83,3358.58,Payment,35,Clothing,UK,0
548,6801,236.34,3761.38,3761.38,1228.23,1228.23,Transfer,60,Electronics,USA,1
549,72267,909.61,3725.93,2816.3199999999997,318.36,1227.97,Payment,6,Grocery,Germany,0
550,48136,11.11,4756.53,4745.42,2136.65,2147.76,Payment,69,Electronics,India,0
551,23625,560.62,1094.39,533.7700000000001,1579.39,2140.01,Transfer,86,Grocery,India,0
552,82873,759.07,2871.19,2112.12,3829.33,4588.4,Transfer,58,Electronics,USA,0
553,72592,266.1,4900.27,4634.17,1835.91,2102.01,Payment,49,Clothing,India,0
554,77052,201.2,909.94,708.74,4750.45,4951.65,CashOut,23,Electronics,Germany,0
555,44261,93.26,3531.23,3437.97,4815.32,4908.58,CashOut,89,Entertainment,UK,0
556,1542,333.17,2970.47,2637.2999999999997,3142.45,3475.62,Transfer,34,Grocery,India,0
557,21677,564.25,2973.75,2409.5,4650.44,5214.69,Transfer,26,Grocery,Germany,0
558,46732,124.69,3518.59,3393.9,3828.19,3952.88,CashOut,47,Clothing,India,0
559,50343,382.93,4655.12,4655.12,2779.61,2779.61,Payment,5,Grocery,USA,1
560,39081,18.98,3934.65,3934.65,983.51,983.51,CashOut,90,Entertainment,India,1
561,62856,820.49,375.07,0.0,2347.13,3167.62,CashOut,20,Electronics,India,0
562,19065,137.16,4278.37,4141.21,2848.28,2985.44,CashOut,6,Clothing,UK,0
563,83460,290.51,1205.15,1205.15,4333.41,4333.41,CashOut,70,Entertainment,USA,1
564,54693,28.24,1946.88,1918.64,2458.53,2486.77,Transfer,59,Grocery,USA,0
565,26962,437.92,2362.49,2362.49,4498.61,4498.61,Transfer,64,Grocery,UK,1
566,28295,841.72,2456.44,2456.44,3404.31,3404.31,Payment,114,Entertainment,India,1
567,13807,398.23,2232.38,1834.15,771.3,1169.53,Payment,18,Electronics,Germany,0
568,42348,187.7,4693.03,4505.33,4975.41,5163.11,Payment,4,Electronics,USA,0
569,26432,756.16,3559.49,3559.49,2683.44,2683.44,Payment,17,Clothing,USA,1
570,83285,790.92,3192.74,2401.8199999999997,2020.11,2811.0299999999997,CashOut,14,Grocery,India,0
571,57854,182.02,344.23,162.21,3329.66,3511.68,Transfer,78,Entertainment,India,0
572,40262,773.15,4529.18,3756.03,633.58,1406.73,Transfer,13,Electronics,USA,0
573,37080,947.82,4556.01,3608.19,3219.04,4166.86,Payment,7,Clothing,India,0
574,1324,174.71,3923.04,3748.33,2541.36,2716.07,Payment,44,Grocery,Germany,0
575,35909,773.27,134.44,134.44,2092.7,2092.7,CashOut,119,Grocery,USA,1
576,19870,711.49,380.67,380.67,4769.8,4769.8,CashOut,15,Clothing,Germany,1
577,34578,478.84,1203.6,724.76,2660.44,3139.28,Payment,19,Clothing,Germany,0
578,72124,67.34,743.61,676.27,1173.68,1241.02,Transfer,63,Electronics,India,0
579,26790,83.95,2054.3,1970.3500000000001,2348.92,2432.87,Transfer,107,Entertainment,Germany,0
580,25289,853.89,4620.85,3766.9600000000005,4605.0,5458.89,Transfer,111,Grocery,India,0
581,55129,990.25,2413.1,1422.85,962.87,1953.12,Payment,108,Entertainment,UK,0
582,15485,679.29,165.67,165.67,1148.39,1148.39,Transfer,35,Grocery,India,1
583,44482,451.5,1485.45,1485.45,163.84,163.84,CashOut,81,Grocery,Germany,1
584,86188,651.1,318.52,0.0,169.53,820.63,CashOut,35,Entertainment,UK,0
585,4748,598.45,277.81,0.0,4164.02,4762.47,Payment,19,Clothing,India,0
586,9435,389.78,1451.03,1061.25,3687.4,4077.1800000000003,CashOut,20,Electronics,Germany,0
587,3709,74.97,1450.5,1375.53,1839.7,1914.67,Payment,100,Grocery,USA,0
588,30355,823.3,3956.92,3133.62,3521.72,4345.0199999999995,Transfer,35,Clothing,USA,0
589,55771,378.12,4876.69,4498.57,2036.51,2414.63,Transfer,32,Grocery,India,0
590,57799,820.6,1918.91,1918.91,4769.19,4769.19,Transfer,48,Electronics,India,1
591,13116,259.98,2201.55,1941.5700000000002,4838.56,5098.540000000001,CashOut,44,Grocery,USA,0
592,25470,11.02,4239.47,4228.45,2024.69,2035.71,Payment,104,Electronics,Germany,0
593,42344,167.35,1413.88,1413.88,4285.69,4285.69,Transfer,24,Electronics,Germany,1
594,42918,473.85,866.27,392.41999999999996,3888.14,4361.99,Payment,61,Grocery,Germany,0
595,52224,944.86,4280.14,3335.28,1619.0,2563.86,Transfer,17,Grocery,India,0
596,39298,111.17,327.85,216.68,1237.0,1348.17,CashOut,71,Electronics,UK,0
597,80219,855.67,3136.53,2280.86,2345.35,3201.02,CashOut,107,Clothing,UK,0
598,61629,531.75,2853.76,2853.76,3928.61,3928.61,Payment,50,Entertainment,UK,1
599,66040,827.66,1795.01,967.35,4804.82,5632.48,CashOut,65,Electronics,UK,0
600,28016,305.39,1644.43,1644.43,3841.54,3841.54,CashOut,99,Grocery,UK,1
601,23960,841.55,3882.1,3040.55,4290.51,5132.06,Payment,32,Grocery,India,0
602,33591,775.09,523.48,0.0,3055.02,3830.11,Transfer,36,Clothing,India,0
603,82848,237.75,1260.24,1260.24,4193.5,4193.5,CashOut,13,Entertainment,UK,1
604,67641,140.02,3689.0,3548.98,3943.66,4083.68,Payment,70,Electronics,India,0
605,36395,869.37,2786.77,1917.4,1947.23,2816.6,CashOut,58,Electronics,India,0
606,22700,963.6,727.14,0.0,2804.75,3768.35,CashOut,14,Entertainment,UK,0
607,34620,40.99,4422.46,4381.47,4043.29,4084.2799999999997,CashOut,37,Electronics,Germany,0
608,20559,733.96,2027.89,1293.93,325.68,1059.64,CashOut,112,Entertainment,India,0
609,61642,910.43,4156.56,3246.1300000000006,4059.59,4970.02,Payment,79,Grocery,Germany,0
610,76539,858.79,3959.79,3101.0,971.65,1830.44,Payment,111,Entertainment,India,0
611,21732,964.88,3159.68,2194.7999999999997,2621.95,3586.83,Payment,68,Electronics,India,0
612,30354,762.49,2522.96,2522.96,4060.55,4060.55,CashOut,40,Entertainment,UK,1
613,13843,447.88,4899.8,4451.92,1343.72,1791.6,CashOut,59,Clothing,India,0
614,71726,318.83,810.33,810.33,1304.46,1304.46,CashOut,80,Grocery,USA,1
615,17640,327.54,3653.26,3325.7200000000003,2073.55,2401.09,Payment,92,Grocery,USA,0
616,52528,727.18,1036.83,309.65,4483.75,5210.93,CashOut,16,Entertainment,UK,0
617,38413,748.38,1757.49,1757.49,102.17,102.17,Transfer,62,Electronics,Germany,1
618,52638,208.36,1612.62,1404.2599999999998,4516.78,4725.139999999999,CashOut,4,Clothing,Germany,0
619,52736,869.44,4740.48,4740.48,853.65,853.65,Transfer,45,Grocery,Germany,1
620,68866,717.77,4840.05,4122.280000000001,4951.42,5669.1900000000005,CashOut,90,Grocery,USA,0
621,19087,567.12,996.78,429.65999999999997,4778.75,5345.87,Payment,28,Electronics,Germany,0
622,41430,476.82,207.97,0.0,2523.91,3000.73,CashOut,96,Electronics,Germany,0
623,24504,547.8,3628.04,3080.24,2612.33,3160.13,Transfer,109,Clothing,UK,0
624,7114,167.65,2148.15,2148.15,2459.59,2459.59,Transfer,66,Entertainment,Germany,1
625,78859,211.66,535.32,323.6600000000001,3213.67,3425.33,CashOut,31,Electronics,USA,0
626,10975,100.25,3450.4,3450.4,544.54,544.54,Transfer,3,Entertainment,USA,1
627,11023,162.12,2771.02,2771.02,259.83,259.83,Transfer,118,Clothing,USA,1
628,21447,459.16,4904.53,4445.37,382.74,841.9000000000001,Payment,8,Entertainment,UK,0
629,23959,535.05,1214.31,679.26,2277.39,2812.4399999999996,CashOut,24,Grocery,UK,0
630,66203,27.68,2079.49,2079.49,1450.18,1450.18,CashOut,15,Entertainment,India,1
631,29703,798.83,2758.47,2758.47,3147.99,3147.99,CashOut,43,Clothing,Germany,1
632,9337,301.23,3979.33,3678.1,4962.97,5264.200000000001,Transfer,31,Clothing,UK,0
633,46427,912.72,2789.31,1876.59,1992.98,2905.7,CashOut,73,Clothing,USA,0
634,61529,967.84,3103.21,2135.37,2911.82,3879.6600000000003,CashOut,103,Entertainment,USA,0
635,84665,193.6,1208.12,1014.5199999999999,2136.46,2330.06,Payment,45,Grocery,UK,0
636,31921,467.48,4249.9,3782.4199999999996,4251.63,4719.110000000001,Payment,66,Electronics,UK,0
637,33307,11.22,2200.29,2200.29,4520.96,4520.96,Payment,8,Grocery,UK,1
638,27355,602.34,790.7,188.36,4399.04,5001.38,Transfer,71,Entertainment,India,0
639,4835,611.23,3354.52,2743.29,4874.42,5485.65,CashOut,108,Entertainment,USA,0
640,20159,255.06,1158.84,903.78,234.84,489.9,Payment,115,Electronics,India,0
641,47605,562.83,578.06,15.229999999999905,4215.1,4777.93,Payment,103,Entertainment,India,0
642,38088,233.28,4323.74,4090.4599999999996,3783.68,4016.96,Payment,106,Clothing,Germany,0
643,78752,169.22,2354.8,2185.5800000000004,1220.6,1389.82,CashOut,57,Clothing,USA,0
644,55284,655.0,3771.49,3116.49,4785.97,5440.97,CashOut,80,Clothing,USA,0
645,57043,332.67,1523.88,1191.21,826.07,1158.74,CashOut,99,Clothing,UK,0
646,35547,594.36,3956.15,3361.79,3429.79,4024.15,Transfer,30,Clothing,UK,0
647,82844,438.91,648.49,648.49,1201.96,1201.96,Transfer,74,Entertainment,Germany,1
648,27532,984.51,1844.27,859.76,2213.77,3198.2799999999997,Payment,102,Electronics,India,0
649,34349,158.08,4892.5,4734.42,3623.88,3781.96,CashOut,18,Electronics,UK,0
650,45445,469.95,3990.55,3520.6000000000004,2860.29,3330.24,Payment,114,Clothing,UK,0
651,5713,683.65,2536.55,2536.55,2194.76,2194.76,CashOut,69,Entertainment,USA,1
652,56178,401.59,1764.91,1363.3200000000002,1699.06,2100.65,CashOut,117,Grocery,USA,0
653,49407,974.95,4373.46,3398.51,4214.33,5189.28,CashOut,93,Grocery,UK,0
654,70340,724.67,2769.75,2769.75,804.69,804.69,Transfer,39,Entertainment,USA,1
655,50990,660.41,3816.28,3155.8700000000003,2207.5,2867.91,Transfer,60,Clothing,Germany,0
656,75672,759.49,3795.13,3035.6400000000003,4528.41,5287.9,CashOut,98,Electronics,UK,0
657,65545,953.12,187.93,0.0,4244.66,5197.78,Payment,43,Entertainment,USA,0
658,84791,908.74,718.64,0.0,2064.61,2973.3500000000004,CashOut,45,Grocery,Germany,0
659,58141,727.04,3332.18,2605.14,3839.23,4566.27,CashOut,23,Grocery,USA,0
660,23793,751.67,891.94,891.94,4133.49,4133.49,Payment,69,Grocery,USA,1
661,56570,154.46,1351.92,1197.46,4455.55,4610.01,CashOut,94,Clothing,USA,0
662,37892,111.76,4738.53,4738.53,2768.08,2768.08,Payment,6,Grocery,UK,1
663,1015,575.2,2844.89,2269.6899999999996,1101.86,1677.06,Transfer,56,Entertainment,India,0
664,61813,28.18,3778.57,3778.57,1351.01,1351.01,Transfer,110,Entertainment,USA,1
665,27712,487.53,2834.11,2346.58,1548.9,2036.43,Payment,108,Grocery,Germany,0
666,8415,218.25,2807.32,2589.07,3009.63,3227.88,Transfer,4,Entertainment,UK,0
667,62292,352.56,561.34,208.78000000000003,260.77,613.3299999999999,Transfer,93,Grocery,UK,0
668,23833,778.05,1783.95,1783.95,3216.61,3216.61,Payment,23,Grocery,Germany,1
669,4158,941.83,1483.91,542.08,1885.34,2827.17,Transfer,6,Electronics,USA,0
670,62680,81.69,2014.57,1932.8799999999999,1546.68,1628.3700000000001,CashOut,32,Clothing,India,0
671,20309,538.9,4011.89,3472.99,4409.53,4948.429999999999,CashOut,106,Clothing,USA,0
672,6970,883.71,1922.47,1038.76,2354.01,3237.7200000000003,Payment,18,Electronics,Germany,0
673,72474,91.68,2313.31,2221.63,565.76,657.44,Transfer,15,Electronics,UK,0
674,46540,826.27,2047.17,1220.9,4151.06,4977.33,CashOut,40,Clothing,India,0
675,20384,364.22,557.7,193.48000000000002,333.44,697.6600000000001,CashOut,96,Grocery,UK,0
676,18017,328.87,2261.25,1932.38,3661.07,3989.94,Transfer,73,Grocery,Germany,0
677,75880,977.69,1058.49,80.79999999999995,3892.14,4869.83,Transfer,101,Clothing,USA,0
678,8702,208.85,1014.94,806.09,1827.75,2036.6,CashOut,74,Grocery,India,0
679,384,696.26,560.78,560.78,4141.46,4141.46,CashOut,84,Electronics,UK,1
680,404,823.23,1847.69,1024.46,2626.73,3449.96,Payment,6,Grocery,UK,0
681,40943,50.77,3811.66,3760.89,2370.14,2420.91,Payment,112,Grocery,UK,0
682,47926,673.68,1454.56,780.88,322.48,996.16,CashOut,63,Entertainment,USA,0
683,29189,952.03,1630.51,1630.51,1521.14,1521.14,Payment,67,Entertainment,India,1
684,12763,132.98,3249.11,3249.11,4661.95,4661.95,CashOut,106,Entertainment,USA,1
685,18384,897.26,1059.62,1059.62,2019.94,2019.94,CashOut,11,Grocery,USA,1
686,60100,598.83,4495.09,3896.26,2778.83,3377.66,Payment,43,Clothing,USA,0
687,9860,620.44,2648.93,2028.4899999999998,2706.91,3327.35,Payment,17,Electronics,Germany,0
688,80642,616.81,2293.25,1676.44,2993.11,3609.92,Transfer,96,Grocery,Germany,0
689,50612,305.85,2833.32,2527.4700000000003,400.52,706.37,Transfer,4,Clothing,Germany,0
690,23574,935.85,913.57,0.0,1874.66,2810.51,Transfer,63,Grocery,India,0
691,23524,947.88,3106.02,3106.02,3643.33,3643.33,CashOut,68,Electronics,USA,1
692,69172,629.05,1879.19,1879.19,1082.75,1082.75,Payment,81,Grocery,USA,1
693,10916,785.59,4496.21,4496.21,1097.53,1097.53,CashOut,41,Electronics,Germany,1
694,4809,616.14,927.39,311.25,149.44,765.5799999999999,Payment,83,Grocery,USA,0
695,32201,489.55,2584.55,2095.0,2243.66,2733.21,CashOut,5,Electronics,USA,0
696,53330,664.21,3030.75,2366.54,4425.4,5089.61,Transfer,32,Grocery,UK,0
697,13456,557.47,263.58,0.0,354.31,911.78,Transfer,86,Electronics,USA,0
698,56397,601.5,1882.1,1882.1,1036.48,1036.48,Transfer,70,Entertainment,UK,1
699,38765,785.99,3689.91,2903.92,1619.41,2405.4,CashOut,35,Grocery,USA,0
700,34816,486.09,4119.85,3633.76,3685.45,4171.54,Payment,22,Grocery,India,0
701,45106,50.35,1634.49,1584.14,3239.11,3289.46,Payment,65,Clothing,Germany,0
702,53932,172.36,4013.11,3840.75,2138.13,2310.4900000000002,Transfer,84,Clothing,UK,0
703,17100,444.22,4842.0,4842.0,3819.44,3819.44,Transfer,22,Electronics,Germany,1
704,57091,727.58,4298.68,3571.1000000000004,3087.19,3814.77,Transfer,112,Grocery,UK,0
705,21949,597.35,676.46,676.46,4490.6,4490.6,Transfer,119,Electronics,UK,1
706,70080,653.79,3724.68,3070.89,4108.33,4762.12,Payment,11,Entertainment,UK,0
707,37744,484.49,1666.37,1181.8799999999999,1338.79,1823.28,CashOut,77,Clothing,India,0
708,45543,619.58,4943.24,4943.24,1430.05,1430.05,CashOut,106,Electronics,USA,1
709,36187,335.73,2478.26,2142.53,714.25,1049.98,CashOut,3,Electronics,UK,0
710,7239,475.48,699.93,699.93,1751.13,1751.13,CashOut,9,Clothing,India,1
711,14489,746.84,3653.41,2906.5699999999997,4997.77,5744.610000000001,Transfer,60,Grocery,UK,0
712,58017,873.11,1682.75,809.64,2088.18,2961.29,Transfer,76,Electronics,USA,0
713,61877,439.32,4985.68,4546.360000000001,1180.39,1619.71,Transfer,87,Clothing,UK,0
714,43125,53.23,4900.93,4900.93,3836.17,3836.17,CashOut,14,Grocery,India,1
715,49922,170.06,3315.06,3145.0,2758.11,2928.17,Transfer,97,Entertainment,USA,0
716,32049,30.65,736.15,736.15,833.05,833.05,Transfer,18,Clothing,India,1
717,37131,656.73,3465.62,2808.89,1965.38,2622.11,Payment,113,Electronics,USA,0
718,42944,338.99,555.85,216.86,2130.9,2469.8900000000003,Payment,105,Entertainment,USA,0
719,73963,547.05,243.88,0.0,3793.77,4340.82,Transfer,73,Grocery,Germany,0
720,24285,498.34,4132.5,3634.16,201.29,699.63,Payment,23,Grocery,Germany,0
721,37626,90.71,1127.79,1037.08,1418.2,1508.91,Payment,74,Clothing,Germany,0
722,42808,409.23,1957.23,1957.23,2636.22,2636.22,Transfer,83,Clothing,USA,1
723,53871,228.36,4869.94,4641.58,1417.35,1645.71,Transfer,47,Clothing,UK,0
724,19198,424.22,1750.52,1326.3,3179.33,3603.55,Transfer,69,Grocery,India,0
725,19758,211.54,1552.8,1341.26,2461.15,2672.69,Transfer,47,Entertainment,India,0
726,15254,842.05,4599.22,3757.17,1872.38,2714.4300000000003,CashOut,116,Grocery,India,0
727,44238,182.45,642.67,460.21999999999997,4751.12,4933.57,CashOut,87,Electronics,Germany,0
728,1252,961.17,3821.95,2860.7799999999997,3197.58,4158.75,Transfer,30,Grocery,USA,0
729,39764,421.75,4941.52,4519.77,736.71,1158.46,Payment,25,Electronics,Germany,0
730,77709,847.78,4516.35,3668.5700000000006,2844.45,3692.2299999999996,Transfer,28,Entertainment,UK,0
731,37441,632.48,3293.17,2660.69,3925.59,4558.07,Transfer,98,Clothing,USA,0
732,53682,738.0,1638.9,900.9000000000001,3571.6,4309.6,Payment,109,Clothing,India,0
733,59494,770.05,1346.18,576.1300000000001,943.24,1713.29,CashOut,112,Grocery,Germany,0
734,81317,509.8,4114.35,3604.55,4864.86,5374.66,Transfer,111,Clothing,Germany,0
735,65215,547.87,4411.13,3863.26,2299.19,2847.06,Transfer,25,Entertainment,UK,0
736,78587,518.86,2674.63,2674.63,879.22,879.22,CashOut,74,Clothing,UK,1
737,6949,592.18,1297.27,1297.27,982.96,982.96,CashOut,78,Grocery,Germany,1
738,55393,39.1,653.42,653.42,581.35,581.35,Payment,106,Entertainment,UK,1
739,73553,401.56,527.18,125.61999999999995,4037.24,4438.8,CashOut,110,Electronics,India,0
740,6941,610.13,3623.48,3623.48,697.95,697.95,CashOut,58,Grocery,UK,1
741,25934,601.75,2158.58,2158.58,713.11,713.11,CashOut,94,Electronics,UK,1
742,23386,795.03,4536.26,4536.26,4267.31,4267.31,Payment,119,Entertainment,Germany,1
743,61886,658.46,3724.39,3065.93,1788.56,2447.02,CashOut,41,Grocery,Germany,0
744,75745,992.21,1037.18,44.97000000000003,251.2,1243.41,CashOut,25,Grocery,USA,0
745,83251,291.02,3107.51,3107.51,354.29,354.29,Payment,78,Entertainment,USA,1
746,53413,365.56,2233.98,1868.42,796.64,1162.2,CashOut,99,Clothing,Germany,0
747,56800,390.01,2928.52,2538.51,1145.63,1535.64,CashOut,116,Grocery,UK,0
748,42318,471.15,3716.54,3245.39,3359.22,3830.37,Payment,48,Grocery,UK,0
749,70173,837.64,4050.36,3212.7200000000003,870.9,1708.54,Transfer,98,Electronics,USA,0
750,70390,243.43,4234.31,3990.8800000000006,682.48,925.9100000000001,Payment,10,Clothing,USA,0
751,52329,778.24,1344.48,566.24,3847.12,4625.36,CashOut,99,Electronics,USA,0
752,43088,411.26,252.47,0.0,3388.17,3799.4300000000003,CashOut,75,Electronics,India,0
753,39811,605.84,3722.54,3116.7,2233.09,2838.9300000000003,CashOut,11,Clothing,India,0
754,55479,636.22,621.08,0.0,2791.62,3427.84,Payment,85,Clothing,USA,0
755,85392,379.12,1643.11,1263.9899999999998,1628.72,2007.8400000000001,CashOut,21,Entertainment,UK,0
756,19963,517.49,118.7,0.0,2464.25,2981.74,CashOut,86,Clothing,USA,0
757,55123,418.9,3440.18,3021.2799999999997,2582.7,3001.6,Payment,45,Grocery,India,0
758,73477,78.44,918.95,918.95,1997.46,1997.46,Transfer,7,Clothing,UK,1
759,14388,442.79,3310.88,2868.09,4542.2,4984.99,Transfer,119,Entertainment,India,0
760,5569,106.42,4959.54,4853.12,178.7,285.12,CashOut,81,Entertainment,UK,0
761,69836,410.97,456.09,45.11999999999995,3932.64,4343.61,Payment,64,Entertainment,India,0
762,36586,596.99,477.68,477.68,709.48,709.48,CashOut,64,Clothing,UK,1
763,12015,583.62,1767.86,1184.2399999999998,4007.98,4591.6,Payment,2,Clothing,UK,0
764,45002,666.0,4345.29,3679.29,3117.97,3783.97,Payment,76,Electronics,UK,0
765,6254,104.31,1156.1,1051.79,4232.06,4336.370000000001,Transfer,42,Electronics,UK,0
766,17144,655.6,1865.85,1210.25,577.82,1233.42,Transfer,82,Grocery,Germany,0
767,24214,319.03,435.68,435.68,2839.01,2839.01,Payment,54,Electronics,India,1
768,80719,405.06,3839.46,3839.46,2555.33,2555.33,CashOut,75,Grocery,India,1
769,71774,859.41,2100.7,1241.29,3560.35,4419.76,Transfer,16,Entertainment,Germany,0
770,6090,18.94,3820.32,3801.38,2718.02,2736.96,CashOut,113,Electronics,UK,0
771,11637,592.53,4527.68,3935.1500000000005,2749.6,3342.13,Transfer,115,Clothing,UK,0
772,22415,602.73,1240.54,637.81,2205.02,2807.75,Transfer,18,Electronics,India,0
773,24071,402.69,4056.24,3653.5499999999997,1613.29,2015.98,CashOut,99,Grocery,Germany,0
774,58243,244.66,389.56,144.9,2463.1,2707.7599999999998,Transfer,117,Electronics,UK,0
775,41240,242.33,4504.35,4262.02,680.61,922.94,Transfer,59,Entertainment,UK,0
776,83807,884.87,3288.77,2403.9,4811.42,5696.29,CashOut,90,Clothing,UK,0
777,33434,447.6,4383.71,4383.71,3600.61,3600.61,Transfer,16,Grocery,USA,1
778,69724,337.58,100.92,0.0,4767.09,5104.67,Transfer,6,Clothing,Germany,0
779,75697,454.29,928.5,928.5,1210.96,1210.96,Transfer,57,Clothing,UK,1
780,28732,672.7,2009.82,2009.82,4408.77,4408.77,CashOut,108,Grocery,USA,1
781,11314,154.3,1959.56,1805.26,4063.07,4217.37,Payment,107,Clothing,Germany,0
782,23954,454.94,1210.98,1210.98,3418.05,3418.05,CashOut,47,Clothing,UK,1
783,57108,592.01,1969.9,1377.89,3162.64,3754.6499999999996,Payment,111,Electronics,India,0
784,36668,949.1,731.36,0.0,1651.09,2600.19,Transfer,48,Clothing,USA,0
785,23061,260.0,2122.53,1862.5300000000002,4100.41,4360.41,Payment,42,Clothing,USA,0
786,79252,365.66,4031.54,4031.54,2557.43,2557.43,CashOut,76,Clothing,UK,1
787,39749,385.57,2447.44,2061.87,447.37,832.94,CashOut,60,Clothing,UK,0
788,16907,609.48,188.2,0.0,1633.03,2242.51,Transfer,77,Grocery,USA,0
789,18777,363.16,2165.08,2165.08,4682.96,4682.96,Payment,4,Entertainment,India,1
790,51745,538.18,233.16,0.0,4268.33,4806.51,Transfer,103,Electronics,India,0
791,81818,783.97,4834.59,4050.62,4911.34,5695.31,Transfer,118,Clothing,Germany,0
792,23624,708.33,724.52,724.52,3177.17,3177.17,CashOut,2,Clothing,UK,1
793,23321,451.9,3567.67,3567.67,1312.8,1312.8,Payment,90,Grocery,India,1
794,10488,865.57,4866.6,4866.6,897.79,897.79,Payment,59,Entertainment,Germany,1
795,22574,562.56,4147.59,4147.59,1015.88,1015.88,Payment,27,Clothing,India,1
796,5240,544.51,3526.65,2982.1400000000003,197.0,741.51,Payment,27,Grocery,UK,0
797,43221,43.85,4213.36,4213.36,2014.34,2014.34,Transfer,79,Electronics,Germany,1
798,10478,986.83,4910.81,3923.9800000000005,1038.0,2024.83,Transfer,72,Electronics,Germany,0
799,55645,131.74,3144.59,3012.8500000000004,2117.11,2248.8500000000004,CashOut,7,Clothing,Germany,0
800,19262,238.82,2840.01,2601.19,4681.47,4920.29,Transfer,63,Clothing,India,0
